Country,Age Group,Count
Afghanistan,15-24 youth,19
Afghanistan,25-59 adult,682
Afghanistan,60+ senior,365
Albania,15-24 youth,49
Albania,25-59 adult,1729
Albania,60+ senior,655
Algeria,15-24 youth,33
Algeria,25-59 adult,2170
Algeria,60+ senior,2108
American Samoa,15-24 youth,1
American Samoa,25-59 adult,6
American Samoa,60+ senior,1
Andorra,15-24 youth,7
Andorra,25-59 adult,210
Andorra,60+ senior,56
Angola,0-14 child,1
Angola,15-24 youth,23
Angola,25-59 adult,682
Angola,60+ senior,318
Anguilla,15-24 youth,2
Anguilla,25-59 adult,9
Anguilla,60+ senior,1
Antigua and Barbuda,15-24 youth,3
Antigua and Barbuda,25-59 adult,131
Antigua and Barbuda,60+ senior,61
Argentina,0-14 child,2
Argentina,15-24 youth,506
Argentina,25-59 adult,12964
Argentina,60+ senior,6802
Armenia,0-14 child,3
Armenia,15-24 youth,38
Armenia,25-59 adult,2268
Armenia,60+ senior,2775
Aruba,15-24 youth,2
Aruba,25-59 adult,97
Aruba,60+ senior,63
Australia,0-14 child,7
Australia,15-24 youth,446
Australia,25-59 adult,13885
Australia,60+ senior,7610
Austria,0-14 child,1
Austria,15-24 youth,504
Austria,25-59 adult,10692
Austria,60+ senior,12484
Azerbaijan,0-14 child,1
Azerbaijan,15-24 youth,86
Azerbaijan,25-59 adult,2765
Azerbaijan,60+ senior,3457
Bahrain,15-24 youth,7
Bahrain,25-59 adult,224
Bahrain,60+ senior,96
Bangladesh,15-24 youth,53
Bangladesh,25-59 adult,1027
Bangladesh,60+ senior,850
Barbados,15-24 youth,9
Barbados,25-59 adult,255
Barbados,60+ senior,174
Belarus,15-24 youth,402
Belarus,25-59 adult,5016
Belarus,60+ senior,4674
Belgium,0-14 child,5
Belgium,15-24 youth,371
Belgium,25-59 adult,7771
Belgium,60+ senior,7106
Belize,15-24 youth,2
Belize,25-59 adult,145
Belize,60+ senior,61
Benin,15-24 youth,20
Benin,25-59 adult,270
Benin,60+ senior,152
Bermuda,15-24 youth,4
Bermuda,25-59 adult,77
Bermuda,60+ senior,31
Bhutan,0-14 child,3
Bhutan,15-24 youth,2
Bhutan,25-59 adult,103
Bhutan,60+ senior,30
Bolivia,15-24 youth,46
Bolivia,25-59 adult,946
Bolivia,60+ senior,527
Bosnia and Herzegovina,15-24 youth,63
Bosnia and Herzegovina,25-59 adult,2696
Bosnia and Herzegovina,60+ senior,1584
Botswana,15-24 youth,21
Botswana,25-59 adult,321
Botswana,60+ senior,59
Brazil,0-14 child,67
Brazil,15-24 youth,1046
Brazil,25-59 adult,30584
Brazil,60+ senior,21954
British Indian Ocean Territory,25-59 adult,1
British Indian Ocean Territory,60+ senior,2
British Virgin Islands,25-59 adult,3
Brunei,0-14 child,1
Brunei,15-24 youth,7
Brunei,25-59 adult,139
Brunei,60+ senior,41
Bulgaria,0-14 child,3
Bulgaria,15-24 youth,150
Bulgaria,25-59 adult,5799
Bulgaria,60+ senior,5273
Burkina Faso,15-24 youth,12
Burkina Faso,25-59 adult,406
Burkina Faso,60+ senior,160
Burundi,0-14 child,1
Burundi,15-24 youth,6
Burundi,25-59 adult,223
Burundi,60+ senior,60
Cambodia,0-14 child,2
Cambodia,15-24 youth,15
Cambodia,25-59 adult,237
Cambodia,60+ senior,163
Cameroon,15-24 youth,77
Cameroon,25-59 adult,1847
Cameroon,60+ senior,485
Canada,0-14 child,32
Canada,15-24 youth,677
Canada,25-59 adult,20469
Canada,60+ senior,15879
Cape Verde,15-24 youth,2
Cape Verde,25-59 adult,236
Cape Verde,60+ senior,86
Cayman Islands,15-24 youth,2
Cayman Islands,25-59 adult,42
Cayman Islands,60+ senior,3
Central African Republic,15-24 youth,7
Central African Republic,25-59 adult,134
Central African Republic,60+ senior,59
Chad,15-24 youth,3
Chad,25-59 adult,165
Chad,60+ senior,76
Chile,0-14 child,1
Chile,15-24 youth,124
Chile,25-59 adult,4422
Chile,60+ senior,2837
Colombia,15-24 youth,221
Colombia,25-59 adult,5497
Colombia,60+ senior,2100
Comoros,15-24 youth,18
Comoros,25-59 adult,75
Comoros,60+ senior,29
Cook Islands,15-24 youth,1
Cook Islands,25-59 adult,82
Cook Islands,60+ senior,28
Costa Rica,15-24 youth,42
Costa Rica,25-59 adult,964
Costa Rica,60+ senior,434
Croatia,0-14 child,1
Croatia,15-24 youth,138
Croatia,25-59 adult,4185
Croatia,60+ senior,2246
Cuba,0-14 child,1
Cuba,15-24 youth,37
Cuba,25-59 adult,1908
Cuba,60+ senior,1513
Curaçao,15-24 youth,4
Curaçao,25-59 adult,188
Curaçao,60+ senior,51
Cyprus,0-14 child,2
Cyprus,15-24 youth,47
Cyprus,25-59 adult,863
Cyprus,60+ senior,683
Czech Republic,0-14 child,23
Czech Republic,15-24 youth,724
Czech Republic,25-59 adult,30615
Czech Republic,60+ senior,40986
Democratic Republic of the Congo,15-24 youth,27
Democratic Republic of the Congo,25-59 adult,1370
Democratic Republic of the Congo,60+ senior,564
Denmark,0-14 child,1
Denmark,15-24 youth,571
Denmark,25-59 adult,5726
Denmark,60+ senior,4038
Djibouti,25-59 adult,44
Djibouti,60+ senior,32
Dominica,15-24 youth,2
Dominica,25-59 adult,74
Dominica,60+ senior,56
Dominican Republic,0-14 child,1
Dominican Republic,15-24 youth,56
Dominican Republic,25-59 adult,1746
Dominican Republic,60+ senior,568
Ecuador,15-24 youth,71
Ecuador,25-59 adult,1807
Ecuador,60+ senior,656
Egypt,0-14 child,1
Egypt,15-24 youth,94
Egypt,25-59 adult,2221
Egypt,60+ senior,1807
El Salvador,15-24 youth,8
El Salvador,25-59 adult,512
El Salvador,60+ senior,282
Equatorial Guinea,15-24 youth,18
Equatorial Guinea,25-59 adult,156
Equatorial Guinea,60+ senior,56
Eritrea,15-24 youth,2
Eritrea,25-59 adult,132
Eritrea,60+ senior,70
Estonia,15-24 youth,150
Estonia,25-59 adult,5349
Estonia,60+ senior,6858
Eswatini,15-24 youth,5
Eswatini,25-59 adult,87
Eswatini,60+ senior,15
Ethiopia,15-24 youth,17
Ethiopia,25-59 adult,671
Ethiopia,60+ senior,197
Falkland Islands,25-59 adult,10
Falkland Islands,60+ senior,12
Faroe Islands,15-24 youth,12
Faroe Islands,25-59 adult,273
Faroe Islands,60+ senior,175
Federated States of Micronesia,25-59 adult,24
Federated States of Micronesia,60+ senior,11
Fiji,15-24 youth,10
Fiji,25-59 adult,569
Fiji,60+ senior,91
Finland,0-14 child,1
Finland,15-24 youth,230
Finland,25-59 adult,7564
Finland,60+ senior,5125
France,0-14 child,11
France,15-24 youth,1342
France,25-59 adult,34975
France,60+ senior,34552
Gabon,15-24 youth,19
Gabon,25-59 adult,264
Gabon,60+ senior,96
Georgia,0-14 child,1
Georgia,15-24 youth,51
Georgia,25-59 adult,2456
Georgia,60+ senior,2405
Germany,0-14 child,32
Germany,15-24 youth,1960
Germany,25-59 adult,62166
Germany,60+ senior,77940
Ghana,0-14 child,2
Ghana,15-24 youth,111
Ghana,25-59 adult,2104
Ghana,60+ senior,786
Greece,0-14 child,8
Greece,15-24 youth,187
Greece,25-59 adult,5820
Greece,60+ senior,4702
Greenland,15-24 youth,1
Greenland,25-59 adult,98
Greenland,60+ senior,102
Grenada,15-24 youth,2
Grenada,25-59 adult,118
Grenada,60+ senior,53
Guatemala,0-14 child,1
Guatemala,15-24 youth,17
Guatemala,25-59 adult,553
Guatemala,60+ senior,297
Guernsey,15-24 youth,2
Guernsey,25-59 adult,30
Guernsey,60+ senior,16
Guinea,15-24 youth,40
Guinea,25-59 adult,517
Guinea,60+ senior,178
Guinea-Bissau,15-24 youth,21
Guinea-Bissau,25-59 adult,206
Guinea-Bissau,60+ senior,71
Guyana,15-24 youth,3
Guyana,25-59 adult,254
Guyana,60+ senior,174
Haiti,15-24 youth,28
Haiti,25-59 adult,622
Haiti,60+ senior,320
Honduras,15-24 youth,20
Honduras,25-59 adult,742
Honduras,60+ senior,197
Hong Kong,60+ senior,1
Hungary,0-14 child,10
Hungary,15-24 youth,306
Hungary,25-59 adult,9801
Hungary,60+ senior,10556
Iceland,15-24 youth,38
Iceland,25-59 adult,1082
Iceland,60+ senior,503
India,0-14 child,12
India,15-24 youth,416
India,25-59 adult,13899
India,60+ senior,9763
Indonesia,0-14 child,27
Indonesia,15-24 youth,492
Indonesia,25-59 adult,15704
Indonesia,60+ senior,7675
Iran,0-14 child,5
Iran,15-24 youth,355
Iran,25-59 adult,6571
Iran,60+ senior,4388
Iraq,15-24 youth,24
Iraq,25-59 adult,1179
Iraq,60+ senior,1661
Ireland,15-24 youth,111
Ireland,25-59 adult,4724
Ireland,60+ senior,2615
Isle of Man,15-24 youth,2
Isle of Man,25-59 adult,52
Isle of Man,60+ senior,38
Israel,0-14 child,2
Israel,15-24 youth,255
Israel,25-59 adult,7845
Israel,60+ senior,6884
Italy,0-14 child,12
Italy,15-24 youth,1101
Italy,25-59 adult,32805
Italy,60+ senior,35621
Ivory Coast,15-24 youth,86
Ivory Coast,25-59 adult,1327
Ivory Coast,60+ senior,312
Jamaica,15-24 youth,20
Jamaica,25-59 adult,1198
Jamaica,60+ senior,710
Japan,0-14 child,31
Japan,15-24 youth,2322
Japan,25-59 adult,57526
Japan,60+ senior,36030
Jordan,0-14 child,1
Jordan,15-24 youth,18
Jordan,25-59 adult,571
Jordan,60+ senior,277
Kazakhstan,0-14 child,1
Kazakhstan,15-24 youth,159
Kazakhstan,25-59 adult,3378
Kazakhstan,60+ senior,3211
Kenya,15-24 youth,23
Kenya,25-59 adult,1410
Kenya,60+ senior,453
Kingdom of the Netherlands,15-24 youth,20
Kingdom of the Netherlands,25-59 adult,486
Kingdom of the Netherlands,60+ senior,353
Kiribati,25-59 adult,30
Kiribati,60+ senior,11
Kosovo,15-24 youth,17
Kosovo,25-59 adult,875
Kosovo,60+ senior,311
Kuwait,15-24 youth,3
Kuwait,25-59 adult,430
Kuwait,60+ senior,205
Kyrgyzstan,15-24 youth,16
Kyrgyzstan,25-59 adult,596
Kyrgyzstan,60+ senior,556
Laos,15-24 youth,6
Laos,25-59 adult,135
Laos,60+ senior,68
Latvia,15-24 youth,78
Latvia,25-59 adult,2321
Latvia,60+ senior,1443
Lebanon,15-24 youth,27
Lebanon,25-59 adult,1188
Lebanon,60+ senior,1049
Lesotho,15-24 youth,5
Lesotho,25-59 adult,108
Lesotho,60+ senior,32
Liberia,15-24 youth,12
Liberia,25-59 adult,335
Liberia,60+ senior,45
Libya,15-24 youth,5
Libya,25-59 adult,242
Libya,60+ senior,224
Liechtenstein,15-24 youth,8
Liechtenstein,25-59 adult,138
Liechtenstein,60+ senior,113
Lithuania,0-14 child,1
Lithuania,15-24 youth,63
Lithuania,25-59 adult,2473
Lithuania,60+ senior,3398
Luxembourg,0-14 child,5
Luxembourg,15-24 youth,27
Luxembourg,25-59 adult,793
Luxembourg,60+ senior,836
Madagascar,15-24 youth,3
Madagascar,25-59 adult,216
Madagascar,60+ senior,141
Malawi,15-24 youth,11
Malawi,25-59 adult,170
Malawi,60+ senior,41
Malaysia,0-14 child,8
Malaysia,15-24 youth,98
Malaysia,25-59 adult,3342
Malaysia,60+ senior,1207
Maldives,15-24 youth,2
Maldives,25-59 adult,178
Maldives,60+ senior,39
Mali,15-24 youth,50
Mali,25-59 adult,534
Mali,60+ senior,273
Malta,15-24 youth,10
Malta,25-59 adult,350
Malta,60+ senior,276
Marshall Islands,25-59 adult,14
Marshall Islands,60+ senior,6
Mauritania,15-24 youth,2
Mauritania,25-59 adult,120
Mauritania,60+ senior,87
Mauritius,15-24 youth,1
Mauritius,25-59 adult,213
Mauritius,60+ senior,82
Mexico,0-14 child,8
Mexico,15-24 youth,323
Mexico,25-59 adult,9315
Mexico,60+ senior,5952
Moldova,15-24 youth,40
Moldova,25-59 adult,1309
Moldova,60+ senior,809
Monaco,0-14 child,4
Monaco,15-24 youth,8
Monaco,25-59 adult,105
Monaco,60+ senior,91
Mongolia,15-24 youth,9
Mongolia,25-59 adult,502
Mongolia,60+ senior,297
Montenegro,15-24 youth,50
Montenegro,25-59 adult,1041
Montenegro,60+ senior,394
Montserrat,25-59 adult,13
Montserrat,60+ senior,3
Morocco,0-14 child,1
Morocco,15-24 youth,78
Morocco,25-59 adult,2200
Morocco,60+ senior,2100
Mozambique,15-24 youth,3
Mozambique,25-59 adult,335
Mozambique,60+ senior,225
Myanmar,15-24 youth,8
Myanmar,25-59 adult,603
Myanmar,60+ senior,482
Namibia,15-24 youth,12
Namibia,25-59 adult,497
Namibia,60+ senior,147
Nauru,25-59 adult,34
Nauru,60+ senior,16
Nepal,0-14 child,2
Nepal,15-24 youth,22
Nepal,25-59 adult,644
Nepal,60+ senior,293
New Zealand,0-14 child,4
New Zealand,15-24 youth,147
New Zealand,25-59 adult,5148
New Zealand,60+ senior,2948
Nicaragua,15-24 youth,11
Nicaragua,25-59 adult,287
Nicaragua,60+ senior,175
Niger,15-24 youth,8
Niger,25-59 adult,151
Niger,60+ senior,163
Nigeria,0-14 child,3
Nigeria,15-24 youth,225
Nigeria,25-59 adult,4627
Nigeria,60+ senior,2047
Niue,25-59 adult,5
Niue,60+ senior,3
North Korea,0-14 child,1
North Korea,15-24 youth,7
North Korea,25-59 adult,357
North Korea,60+ senior,243
North Macedonia,15-24 youth,45
North Macedonia,25-59 adult,1594
North Macedonia,60+ senior,1315
Northern Cyprus,15-24 youth,1
Northern Cyprus,25-59 adult,65
Northern Cyprus,60+ senior,107
Norway,0-14 child,1
Norway,15-24 youth,372
Norway,25-59 adult,8338
Norway,60+ senior,13535
Oman,15-24 youth,8
Oman,25-59 adult,221
Oman,60+ senior,16
Pakistan,0-14 child,2
Pakistan,15-24 youth,48
Pakistan,25-59 adult,2799
Pakistan,60+ senior,1720
Palau,15-24 youth,2
Palau,25-59 adult,14
Palau,60+ senior,18
Palestine,15-24 youth,40
Palestine,25-59 adult,1446
Palestine,60+ senior,1857
Panama,15-24 youth,42
Panama,25-59 adult,733
Panama,60+ senior,287
Papua New Guinea,25-59 adult,288
Papua New Guinea,60+ senior,60
Paraguay,0-14 child,1
Paraguay,15-24 youth,59
Paraguay,25-59 adult,1253
Paraguay,60+ senior,367
People's Republic of China,0-14 child,18
People's Republic of China,15-24 youth,663
People's Republic of China,25-59 adult,11333
People's Republic of China,60+ senior,7778
Peru,15-24 youth,271
Peru,25-59 adult,3306
Peru,60+ senior,2261
Philippines,0-14 child,8
Philippines,15-24 youth,132
Philippines,25-59 adult,2658
Philippines,60+ senior,1313
Pitcairn Islands,25-59 adult,1
Poland,0-14 child,2
Poland,15-24 youth,416
Poland,25-59 adult,17651
Poland,60+ senior,22433
Portugal,0-14 child,4
Portugal,15-24 youth,201
Portugal,25-59 adult,5035
Portugal,60+ senior,3000
Puerto Rico,25-59 adult,4
Puerto Rico,60+ senior,3
Q785,25-59 adult,23
Q785,60+ senior,16
Qatar,15-24 youth,19
Qatar,25-59 adult,527
Qatar,60+ senior,78
Republic of the Congo,15-24 youth,9
Republic of the Congo,25-59 adult,309
Republic of the Congo,60+ senior,190
Romania,15-24 youth,313
Romania,25-59 adult,7575
Romania,60+ senior,5988
Russia,0-14 child,34
Russia,15-24 youth,1283
Russia,25-59 adult,30751
Russia,60+ senior,27932
Rwanda,15-24 youth,5
Rwanda,25-59 adult,277
Rwanda,60+ senior,129
"Saint Helena, Ascension and Tristan da Cunha",25-59 adult,2
Saint Kitts and Nevis,15-24 youth,1
Saint Kitts and Nevis,25-59 adult,134
Saint Kitts and Nevis,60+ senior,54
Saint Lucia,15-24 youth,3
Saint Lucia,25-59 adult,102
Saint Lucia,60+ senior,37
Saint Vincent and the Grenadines,15-24 youth,3
Saint Vincent and the Grenadines,25-59 adult,96
Saint Vincent and the Grenadines,60+ senior,32
Saint-Martin,25-59 adult,1
Samoa,15-24 youth,4
Samoa,25-59 adult,265
Samoa,60+ senior,66
San Marino,15-24 youth,11
San Marino,25-59 adult,214
San Marino,60+ senior,97
Saudi Arabia,15-24 youth,50
Saudi Arabia,25-59 adult,1853
Saudi Arabia,60+ senior,499
Senegal,15-24 youth,96
Senegal,25-59 adult,1346
Senegal,60+ senior,507
Serbia,0-14 child,2
Serbia,15-24 youth,229
Serbia,25-59 adult,7395
Serbia,60+ senior,3468
Seychelles,15-24 youth,6
Seychelles,25-59 adult,78
Seychelles,60+ senior,31
Sierra Leone,15-24 youth,13
Sierra Leone,25-59 adult,266
Sierra Leone,60+ senior,76
Singapore,0-14 child,2
Singapore,15-24 youth,62
Singapore,25-59 adult,1122
Singapore,60+ senior,433
Sint Maarten,25-59 adult,16
Sint Maarten,60+ senior,6
Slovakia,15-24 youth,161
Slovakia,25-59 adult,5679
Slovakia,60+ senior,4775
Slovenia,15-24 youth,122
Slovenia,25-59 adult,4193
Slovenia,60+ senior,3857
Solomon Islands,15-24 youth,5
Solomon Islands,25-59 adult,119
Solomon Islands,60+ senior,22
Somalia,15-24 youth,2
Somalia,25-59 adult,223
Somalia,60+ senior,128
Somaliland,25-59 adult,1
South Africa,0-14 child,3
South Africa,15-24 youth,135
South Africa,25-59 adult,6331
South Africa,60+ senior,2444
South Korea,0-14 child,13
South Korea,15-24 youth,665
South Korea,25-59 adult,11595
South Korea,60+ senior,3846
South Sudan,15-24 youth,8
South Sudan,25-59 adult,116
South Sudan,60+ senior,24
Spain,0-14 child,26
Spain,15-24 youth,1603
Spain,25-59 adult,34539
Spain,60+ senior,28238
Sri Lanka,15-24 youth,21
Sri Lanka,25-59 adult,1159
Sri Lanka,60+ senior,557
Sudan,15-24 youth,4
Sudan,25-59 adult,298
Sudan,60+ senior,171
Suriname,15-24 youth,6
Suriname,25-59 adult,386
Suriname,60+ senior,326
Sweden,0-14 child,14
Sweden,15-24 youth,393
Sweden,25-59 adult,11185
Sweden,60+ senior,9407
Switzerland,0-14 child,5
Switzerland,15-24 youth,311
Switzerland,25-59 adult,8745
Switzerland,60+ senior,9484
Syria,15-24 youth,21
Syria,25-59 adult,1099
Syria,60+ senior,920
São Tomé and Príncipe,25-59 adult,56
São Tomé and Príncipe,60+ senior,40
Taiwan,0-14 child,2
Taiwan,15-24 youth,104
Taiwan,25-59 adult,4062
Taiwan,60+ senior,3088
Tajikistan,15-24 youth,23
Tajikistan,25-59 adult,679
Tajikistan,60+ senior,913
Tanzania,0-14 child,1
Tanzania,15-24 youth,22
Tanzania,25-59 adult,409
Tanzania,60+ senior,202
Thailand,0-14 child,11
Thailand,15-24 youth,149
Thailand,25-59 adult,3313
Thailand,60+ senior,767
The Bahamas,15-24 youth,14
The Bahamas,25-59 adult,267
The Bahamas,60+ senior,69
The Gambia,15-24 youth,30
The Gambia,25-59 adult,280
The Gambia,60+ senior,154
Timor-Leste,15-24 youth,7
Timor-Leste,25-59 adult,244
Timor-Leste,60+ senior,164
Togo,15-24 youth,11
Togo,25-59 adult,370
Togo,60+ senior,108
Tonga,15-24 youth,4
Tonga,25-59 adult,328
Tonga,60+ senior,37
Trinidad and Tobago,15-24 youth,2
Trinidad and Tobago,25-59 adult,638
Trinidad and Tobago,60+ senior,356
Tunisia,15-24 youth,27
Tunisia,25-59 adult,1323
Tunisia,60+ senior,1378
Turkey,0-14 child,13
Turkey,15-24 youth,1373
Turkey,25-59 adult,11466
Turkey,60+ senior,7452
Turkmenistan,15-24 youth,6
Turkmenistan,25-59 adult,271
Turkmenistan,60+ senior,256
Turks and Caicos Islands,25-59 adult,1
Tuvalu,25-59 adult,50
Tuvalu,60+ senior,9
Uganda,0-14 child,2
Uganda,15-24 youth,62
Uganda,25-59 adult,1261
Uganda,60+ senior,528
Ukraine,0-14 child,6
Ukraine,15-24 youth,529
Ukraine,25-59 adult,15064
Ukraine,60+ senior,15736
United Arab Emirates,0-14 child,1
United Arab Emirates,15-24 youth,35
United Arab Emirates,25-59 adult,1010
United Arab Emirates,60+ senior,100
United Kingdom,0-14 child,66
United Kingdom,15-24 youth,1501
United Kingdom,25-59 adult,42908
United Kingdom,60+ senior,31529
United States,0-14 child,273
United States,15-24 youth,3303
United States,25-59 adult,105775
United States,60+ senior,89854
United States Virgin Islands,15-24 youth,1
United States Virgin Islands,25-59 adult,22
United States Virgin Islands,60+ senior,5
Uruguay,15-24 youth,174
Uruguay,25-59 adult,3693
Uruguay,60+ senior,3835
Uzbekistan,15-24 youth,109
Uzbekistan,25-59 adult,1691
Uzbekistan,60+ senior,1320
Vanuatu,15-24 youth,1
Vanuatu,25-59 adult,122
Vanuatu,60+ senior,24
Venezuela,0-14 child,2
Venezuela,15-24 youth,113
Venezuela,25-59 adult,3296
Venezuela,60+ senior,1497
Vietnam,0-14 child,1
Vietnam,15-24 youth,61
Vietnam,25-59 adult,2237
Vietnam,60+ senior,1491
Western Sahara,25-59 adult,8
Western Sahara,60+ senior,16
Yemen,15-24 youth,5
Yemen,25-59 adult,214
Yemen,60+ senior,193
Zambia,15-24 youth,25
Zambia,25-59 adult,532
Zambia,60+ senior,123
Zimbabwe,15-24 youth,17
Zimbabwe,25-59 adult,1043
Zimbabwe,60+ senior,303
