Country,Ethnic Group,Gender,Count
Afghanistan,Afghan Americans,Male,2
Afghanistan,Afghans,Male,1
Afghanistan,Afghans in the Netherlands,Male,1
Afghanistan,Arab Canadians,Female,1
Afghanistan,Baloch,Unknown,2
Afghanistan,Hazaras,Female,2
Afghanistan,Hazaras,Male,6
Afghanistan,Hazaras,Unknown,1
Afghanistan,Pashtuns,Female,7
Afghanistan,Pashtuns,Male,7
Afghanistan,Pashtuns,Unknown,5
Afghanistan,Tajiks,Male,6
Afghanistan,Tajiks,Unknown,6
Albania,Albanian Americans,Female,1
Albania,Albanians,Female,3
Albania,Albanians,Male,8
Albania,Albanians in Kosovo,Male,1
Albania,Greeks,Male,3
Algeria,African people,Female,2
Algeria,Afro-Catalan,Female,1
Algeria,Algerian Canadians,Female,1
Algeria,Algerians,Male,1
Algeria,Armenians,Male,1
Algeria,Berber,Male,1
Algeria,Berbers,Male,5
Algeria,French,Male,1
Algeria,Kabyle,Male,1
Algeria,Kabyle people,Female,1
Algeria,Kabyle people,Male,3
Algeria,Romani people in Spain,Male,1
Angola,African Brazilians,Female,1
Angola,Black people,Female,2
Angola,Black people,Male,1
Angola,Ovimbundu people,Male,1
Angola,Portuguese,Female,1
Angola,Portuguese,Male,2
Antigua and Barbuda,African Americans,Female,1
Antigua and Barbuda,African Americans,Male,1
Argentina,Afro-Argentines,Female,8
Argentina,Afro-Argentines,Male,1
Argentina,Afro-Uruguayan,Female,2
Argentina,Afro-Uruguayan,Male,1
Argentina,Argentines,Male,4
Argentina,Colla People,Female,2
Argentina,Colla People,Male,1
Argentina,Croats in Argentina,Female,1
Argentina,Croats in Argentina,Male,2
Argentina,Galicians,Female,2
Argentina,Galicians,Male,10
Argentina,Italian Argentines,Female,2
Argentina,Italian Argentines,Male,7
Argentina,Jewish people,Female,4
Argentina,Jewish people,Male,6
Argentina,Lebanese Argentines,Female,1
Argentina,Lebanese Argentines,Male,3
Argentina,Mapuche,Female,3
Argentina,Selk'nam people,Female,3
Argentina,Selk'nam people,Male,1
Argentina,Syrian Argentines,Female,2
Argentina,Syrian Argentines,Male,6
Armenia,Armenians,Female,63
Armenia,Armenians,Male,477
Armenia,Armenians,Unknown,24
Armenia,Assyrians,Female,1
Armenia,Azerbaijanis,Male,4
Armenia,Azerbaijanis,Unknown,1
Armenia,Greeks,Male,1
Armenia,Kurds,Female,1
Armenia,Kurds,Male,1
Armenia,Ukrainians,Male,1
Armenia,Yazidis,Male,2
Aruba,Q22988248,Male,1
Australia,Anmatyerre,Female,10
Australia,Arrernte,Female,2
Australia,Arrernte,Male,3
Australia,Australian Americans,Female,3
Australia,Australian Americans,Male,1
Australia,Australians,Female,1
Australia,Australians,Male,17
Australia,Gamilaraay,Female,2
Australia,Gamilaraay,Male,3
Australia,Indigenous Australians,Female,17
Australia,Indigenous Australians,Male,14
Australia,Irish Australians,Female,3
Australia,Irish Australians,Male,3
Australia,Kukatja,Female,4
Australia,Kukatja,Male,2
Australia,Noongar people,Female,3
Australia,Noongar people,Male,6
Australia,Pintupi,Female,6
Australia,Wiradjuri,Female,5
Australia,Wiradjuri,Male,2
Australia,Yolŋu people,Female,1
Australia,Yolŋu people,Male,4
Austria,Austrian Americans,Male,1
Austria,Austrians,Male,2
Austria,Burgenland Croats,Female,1
Austria,Burgenland Croats,Male,5
Austria,Cambodians,Female,1
Austria,Carinthian Slovenes,Female,2
Austria,Carinthian Slovenes,Male,5
Austria,Caucasian race,Male,1
Austria,Czechs,Female,1
Austria,Czechs,Male,12
Austria,Germans,Male,2
Austria,Hungarians,Female,1
Austria,Hungarians,Male,1
Austria,Jewish people,Female,5
Austria,Jewish people,Male,13
Austria,Jewish people,Unknown,1
Austria,Lovari,Female,1
Austria,Lovari,Male,4
Austria,Serbs in Austria,Unknown,2
Azerbaijan,Armenians,Female,24
Azerbaijan,Armenians,Male,214
Azerbaijan,Armenians,Unknown,9
Azerbaijan,Azerbaijan,Female,1
Azerbaijan,Azerbaijanis,Female,20
Azerbaijan,Azerbaijanis,Male,82
Azerbaijan,Azerbaijanis,Unknown,51
Azerbaijan,Azerbaijanis in Ukraine,Male,1
Azerbaijan,Greeks,Female,1
Azerbaijan,Iranian Azerbaijanis,Male,1
Azerbaijan,Jewish people,Male,5
Azerbaijan,Lezgins,Male,1
Azerbaijan,Lezgins,Unknown,1
Azerbaijan,Mountain Jews,Male,1
Azerbaijan,Russians,Male,1
Azerbaijan,Talysh people,Male,2
Azerbaijan,Talysh people,Unknown,2
Azerbaijan,Ukrainians,Female,1
Bahrain,Arab Canadians,Female,1
Bahrain,Arabs,Male,1
Bahrain,Pakistani Americans,Female,1
Bahrain,Persians in Bahrain,Male,1
Bangladesh,Bangladeshi Americans,Male,2
Bangladesh,Bangladeshis,Female,1
Bangladesh,Bangladeshis,Male,3
Bangladesh,Bengali,Female,1
Bangladesh,Bengali,Male,3
Bangladesh,Bengali,Unknown,8
Bangladesh,Chakma people,Unknown,1
Bangladesh,Indians,Male,1
Barbados,African Americans,Female,1
Barbados,African Americans,Male,2
Barbados,Afro Caribbeans,Female,1
Barbados,Barbadians,Male,1
Belarus,Ashkenazi Jews,Male,1
Belarus,Azerbaijanis,Female,1
Belarus,Belarusian Americans,Unknown,1
Belarus,Belarusian minority in Poland,Unknown,1
Belarus,Belarusians,Female,8
Belarus,Belarusians,Male,55
Belarus,Belarusians,Unknown,3
Belarus,Jewish people,Male,11
Belarus,Lipka Tatars,Male,7
Belarus,Poles,Male,2
Belarus,Romani people,Male,1
Belarus,Russian Jews,Male,4
Belarus,Russians,Female,1
Belarus,Russians,Male,8
Belarus,Russians in Belarus,Male,1
Belgium,African people,Female,1
Belgium,Afro-Belgians,Male,1
Belgium,Armenians,Male,1
Belgium,Belgian Americans,Male,1
Belgium,Belgian Jews,Female,2
Belgium,Belgian Jews,Male,1
Belgium,Belgians,Male,50
Belgium,English people,Female,1
Belgium,European people,Male,1
Belgium,Flemish people,Male,1
Belgium,French,Male,2
Belgium,Galicians,Female,1
Belgium,Galicians,Male,1
Belgium,Jewish people,Female,1
Belgium,Jewish people,Male,3
Belize,African Americans,Male,1
Belize,Belizean Creole people,Female,2
Belize,Garifuna,Male,3
Benin,Afro-Catalan,Female,1
Benin,Black people,Female,1
Benin,Black people,Male,1
Benin,Fon people,Male,1
Benin,Pedah: hommes de l'eau,Female,1
Benin,Saxwe,Female,1
Benin,Yoruba people,Female,1
Bermuda,Black Bermudian,Female,1
Bolivia,Afro-Bolivians,Female,4
Bolivia,Aymara,Female,8
Bolivia,Aymara,Male,3
Bolivia,Bolivian Americans,Male,1
Bolivia,Bolivians,Male,1
Bolivia,Japanese Bolivians,Female,1
Bolivia,Minangkabau,Male,1
Bolivia,Quechua people,Female,3
Bolivia,Quechua people,Male,1
Bolivia,Swiss,Female,1
Bolivia,Urus,Female,1
Bolivia,White Brazilians,Male,3
Bosnia and Herzegovina,Bosniaks,Female,2
Bosnia and Herzegovina,Bosniaks,Male,2
Bosnia and Herzegovina,Bosniaks,Unknown,1
Bosnia and Herzegovina,Bosnians,Male,2
Bosnia and Herzegovina,Bosnians,Unknown,2
Bosnia and Herzegovina,Croats,Female,1
Bosnia and Herzegovina,Croats,Male,9
Bosnia and Herzegovina,Croats of Bosnia and Herzegovina,Female,1
Bosnia and Herzegovina,Croats of Bosnia and Herzegovina,Male,11
Bosnia and Herzegovina,Croats of Bosnia and Herzegovina,Unknown,10
Bosnia and Herzegovina,Germans,Male,1
Bosnia and Herzegovina,Gurbeti,Female,1
Bosnia and Herzegovina,Jewish people,Female,1
Bosnia and Herzegovina,Jewish people,Male,1
Bosnia and Herzegovina,Poles,Male,1
Bosnia and Herzegovina,Sephardi Jews,Female,1
Bosnia and Herzegovina,Serbian Canadians,Unknown,1
Bosnia and Herzegovina,Serbs,Female,1
Bosnia and Herzegovina,Serbs,Male,2
Bosnia and Herzegovina,Serbs,Unknown,11
Bosnia and Herzegovina,Serbs of Bosnia and Herzegovina,Female,2
Bosnia and Herzegovina,Serbs of Bosnia and Herzegovina,Male,1
Bosnia and Herzegovina,Serbs of Bosnia and Herzegovina,Unknown,24
Botswana,Balete people,Female,1
Botswana,Bantu people,Male,1
Botswana,Birwa,Male,1
Botswana,Kalanga,Female,1
Botswana,Khoisan,Female,2
Botswana,Mbukushu,Female,1
Botswana,San people,Female,3
Brazil,African Americans,Female,6
Brazil,African Americans,Male,7
Brazil,African Americans,Unknown,1
Brazil,African Brazilians,Female,189
Brazil,African Brazilians,Male,342
Brazil,African Brazilians,Non-binary or other,6
Brazil,African Brazilians,Unknown,7
Brazil,Asian Brazilians,Female,1
Brazil,Asian Brazilians,Male,8
Brazil,Black people,Female,52
Brazil,Black people,Male,54
Brazil,Black people,Non-binary or other,1
Brazil,Caboclo,Female,9
Brazil,Caboclo,Male,1
Brazil,German Brazilians,Female,5
Brazil,German Brazilians,Male,4
Brazil,Italian Brazilians,Female,12
Brazil,Italian Brazilians,Male,20
Brazil,Japanese Brazilians,Female,5
Brazil,Japanese Brazilians,Male,9
Brazil,Pardo Brazilians,Female,153
Brazil,Pardo Brazilians,Male,1307
Brazil,Pardo Brazilians,Non-binary or other,1
Brazil,Portuguese Brazilians,Female,5
Brazil,Portuguese Brazilians,Male,5
Brazil,White Brazilians,Female,380
Brazil,White Brazilians,Male,2286
Brazil,indigenous peoples in Brazil,Female,1
Brazil,indigenous peoples in Brazil,Male,6
Brazil,indigenous peoples in Brazil,Non-binary or other,2
Brunei,Chinese Indonesians,Male,1
Brunei,Malays,Female,1
Bulgaria,Armenians,Male,9
Bulgaria,Armenians in Bulgaria,Female,2
Bulgaria,Armenians in Bulgaria,Male,5
Bulgaria,Bulgarians,Female,2
Bulgaria,Bulgarians,Male,18
Bulgaria,Greeks,Female,2
Bulgaria,Jewish people,Male,2
Bulgaria,Jewish people in Bulgaria,Male,7
Bulgaria,Macedonian Bulgarians,Male,3
Bulgaria,Macedonians,Female,1
Bulgaria,Macedonians,Male,7
Bulgaria,Roma in Bulgaria,Female,3
Bulgaria,Roma in Bulgaria,Male,8
Bulgaria,Romani people,Female,1
Bulgaria,Romani people,Male,2
Bulgaria,Turks in Bulgaria,Female,2
Bulgaria,Turks in Bulgaria,Male,10
Bulgaria,ethnic Macedonians in Bulgaria,Male,21
Burkina Faso,Bambara,Male,1
Burkina Faso,Dinka people,Male,1
Burkina Faso,Gurunsi people,Male,1
Burkina Faso,Mossi people,Female,1
Burkina Faso,Mossi people,Male,1
Burundi,Franco-Ontarians,Female,1
Cambodia,Cambodian Americans,Male,1
Cambodia,Cambodians,Unknown,1
Cambodia,Chinese Cambodians,Male,1
Cambodia,Chinese Cambodians,Unknown,1
Cambodia,European New Zealanders,Male,1
Cambodia,Khmer people,Female,1
Cambodia,Khmer people,Male,2
Cambodia,Khmer people,Unknown,3
Cambodia,Thai people,Unknown,1
Cambodia,Vietnamese New Zealanders,Male,1
Cambodia,Vietnamese people,Male,1
Cameroon,African people,Female,2
Cameroon,Afro-Spaniard,Female,1
Cameroon,Bamileke people,Female,2
Cameroon,Bamileke people,Male,1
Cameroon,Bamun people,Male,1
Cameroon,Basa people,Female,1
Cameroon,Black people,Female,1
Cameroon,Black people,Male,1
Cameroon,Dinka people,Male,1
Cameroon,Igbo people,Female,2
Cameroon,Mvog-Betsi,Male,1
Cameroon,Sawa people,Male,1
Canada,Anishinaabe,Female,8
Canada,Anishinaabe,Male,6
Canada,Anishinaabe,Non-binary or other,1
Canada,Anishinaabe,Unknown,1
Canada,Atikamekw people,Female,5
Canada,Atikamekw people,Male,6
Canada,Black Canadians,Female,5
Canada,Black Canadians,Male,9
Canada,Black Canadians,Non-binary or other,1
Canada,Canadians,Female,3
Canada,Canadians,Male,18
Canada,Canadians,Non-binary or other,1
Canada,Cree,Female,18
Canada,Cree,Male,17
Canada,Cree,Non-binary or other,2
Canada,Cree,Unknown,1
Canada,Innu people,Female,9
Canada,Innu people,Male,14
Canada,Inuit,Female,30
Canada,Inuit,Male,50
Canada,Inuit,Unknown,2
Canada,Japanese Canadians,Female,99
Canada,Japanese Canadians,Male,87
Canada,Japanese Canadians,Non-binary or other,2
Canada,Japanese Canadians,Unknown,6
Canada,Mi’kmaw,Female,7
Canada,Mi’kmaw,Male,16
Canada,Mohawk,Female,14
Canada,Mohawk,Male,13
Canada,Mohawk,Non-binary or other,2
Canada,Métis,Female,19
Canada,Métis,Male,8
Canada,Métis,Non-binary or other,2
Canada,Métis,Unknown,3
Canada,Ojibwe,Female,11
Canada,Ojibwe,Male,9
Canada,Ojibwe,Unknown,2
Cape Verde,African diaspora,Female,1
Cape Verde,Black people,Female,1
Central African Republic,Dinka people,Male,1
Central African Republic,Ngbaka people,Male,1
Central African Republic,Sara people,Male,1
Central African Republic,Yakoma people,Female,1
Central African Republic,Yakoma people,Male,2
Chad,Banda people,Female,1
Chad,Dinka people,Male,1
Chad,Zaghawa people,Male,2
Chile,Afro-Chilean,Male,1
Chile,Arabs,Male,1
Chile,Aymara,Male,1
Chile,Chilean Americans,Male,2
Chile,Chilean Canadians,Female,1
Chile,Chileans,Male,3
Chile,Croats,Male,2
Chile,Diaguitas,Male,2
Chile,Huilliche people,Female,1
Chile,Huilliche people,Male,1
Chile,Jewish people,Male,3
Chile,Mapuche,Female,13
Chile,Mapuche,Male,13
Chile,Mapuche,Non-binary or other,2
Chile,Rapa Nui people,Female,5
Chile,Rapa Nui people,Male,1
Colombia,Afro-Colombians,Female,9
Colombia,Arhuaco people,Female,1
Colombia,Basque Colombians,Female,1
Colombia,Black people,Male,1
Colombia,Colombian Americans,Male,2
Colombia,Colombians,Male,2
Colombia,Guambiano,Female,2
Colombia,Mediterranean race,Female,2
Colombia,Mestizo Colombian,Male,2
Colombia,Muisca people,Female,2
Colombia,Muisca people,Male,1
Colombia,Paez people,Female,4
Colombia,Paez people,Male,3
Colombia,Wayuu people,Female,2
Colombia,Wayuu people,Male,1
Cook Islands,Cook Islands Maori,Male,1
Cook Islands,Cook Islands Maori people,Female,1
Cook Islands,Cook Islands Maori people,Male,2
Cook Islands,Māori,Female,1
Cook Islands,Samoans,Female,1
Costa Rica,Afro-Costa Rican,Female,1
Costa Rica,Black people,Female,2
Costa Rica,Latino,Female,2
Costa Rica,Mexicans,Male,2
Croatia,Croatian Americans,Male,1
Croatia,Croatian Americans,Unknown,1
Croatia,Croatian Canadians,Female,1
Croatia,Croats,Female,3
Croatia,Croats,Male,17
Croatia,Croats in France,Male,1
Croatia,Croats in Germany,Unknown,2
Croatia,Croats of Bosnia and Herzegovina,Unknown,2
Croatia,Croats of Serbia,Female,1
Croatia,Croats of Serbia,Unknown,2
Croatia,Czechs,Female,1
Croatia,Czechs,Male,2
Croatia,Jewish people,Male,1
Croatia,Jewish people,Unknown,2
Croatia,Serbs,Male,3
Croatia,Serbs,Unknown,4
Croatia,Serbs in Dalmatia,Unknown,2
Croatia,Serbs of Croatia,Male,5
Croatia,Serbs of Croatia,Unknown,9
Cuba,African Americans,Female,1
Cuba,African Americans,Male,7
Cuba,Afro Mexicans,Female,1
Cuba,Afro-Cuban,Female,3
Cuba,Afro-Cuban,Male,5
Cuba,Afro-Cuban,Unknown,1
Cuba,Basque people,Male,5
Cuba,Cuban Americans,Female,7
Cuba,Cuban Americans,Male,6
Cuba,Cubans,Male,3
Cuba,Dinka people,Female,1
Cuba,Galicians,Female,3
Cuba,Galicians,Male,26
Cuba,Hispanics,Female,1
Cuba,Spaniards,Female,1
Curaçao,Afro Caribbeans,Male,1
Curaçao,Afro-Curaçaoan,Female,1
Curaçao,Curaçaoans in the Netherlands,Male,1
Cyprus,Arab Canadians,Female,1
Cyprus,Armenian Americans,Male,1
Cyprus,Armenians,Male,1
Cyprus,Armenians in Cyprus,Female,1
Cyprus,Greek Cypriots,Male,1
Cyprus,Greeks,Female,1
Cyprus,Greeks,Male,4
Cyprus,Turkish Cypriots,Female,1
Cyprus,Turkish Cypriots,Male,1
Czech Republic,Ashkenazi Jews,Male,2
Czech Republic,Austrian Silesia,Female,1
Czech Republic,Czech Americans,Male,4
Czech Republic,Czechs,Female,39
Czech Republic,Czechs,Male,1198
Czech Republic,Germans,Female,1
Czech Republic,Germans,Male,36
Czech Republic,Jewish people,Female,4
Czech Republic,Jewish people,Male,9
Czech Republic,Romani people,Female,4
Czech Republic,Romani people,Male,3
Czech Republic,Romani people in Czechoslovakia,Female,2
Czech Republic,Slovaks,Female,1
Czech Republic,Slovaks,Male,7
Czech Republic,Sudeten Germans,Female,1
Czech Republic,Sudeten Germans,Male,2
Czech Republic,Volksdeutsche,Male,12
Czech Republic,white people,Female,3
Democratic Republic of the Congo,African Americans,Male,2
Democratic Republic of the Congo,African Brazilians,Male,1
Democratic Republic of the Congo,Greek Cypriots,Female,1
Democratic Republic of the Congo,Luba people,Male,1
Democratic Republic of the Congo,Ntomba people,Male,1
Democratic Republic of the Congo,South Kivu,Male,2
Denmark,African Americans,Male,1
Denmark,Danes,Female,9
Denmark,Danes,Male,8
Denmark,Ethiopian,Female,1
Denmark,Kurds,Male,1
Denmark,Palestinians,Female,1
Denmark,Somalis,Female,1
Denmark,Turks,Female,1
Denmark,Volksdeutsche,Male,1
Djibouti,Black Canadians,Male,1
Djibouti,Dinka people,Male,1
Djibouti,Q25682470,Unknown,1
Dominica,African Americans,Female,1
Dominica,African Americans,Male,1
Dominica,Kalinago,Female,1
Dominican Republic,Category:Dominican Republic people of African American descent,Male,1
Dominican Republic,Dominican Americans,Female,1
Dominican Republic,Dominican Americans,Male,1
Dominican Republic,Dominicans,Female,2
Dominican Republic,Dominicans,Male,1
Dominican Republic,White Dominicans,Male,1
Dominican Republic,white people,Female,1
Ecuador,Achuar people,Male,1
Ecuador,Afro Ecuadorian,Female,3
Ecuador,Ecuadorian Canadians,Male,1
Ecuador,Quechua people,Female,6
Ecuador,Quechua people,Male,5
Ecuador,Shuar,Female,1
Ecuador,Tsáchila,Female,1
Ecuador,Waorani people,Female,1
Egypt,African people,Female,3
Egypt,Arab Canadians,Female,1
Egypt,Arabs,Male,2
Egypt,Armenians,Female,5
Egypt,Armenians,Male,11
Egypt,Copts,Male,2
Egypt,Dinka people,Female,1
Egypt,Egyptian Americans,Male,1
Egypt,Egyptians,Female,1
Egypt,Egyptians,Male,3
Egypt,Greeks,Male,2
Egypt,Greeks,Unknown,1
Egypt,Italians,Male,1
Egypt,Palestinians in the United States,Male,1
Egypt,Syrians,Male,1
El Salvador,Nahua,Female,1
El Salvador,Pipil people,Female,2
El Salvador,Pipil people,Male,1
El Salvador,Salvadoran Americans,Male,2
Equatorial Guinea,Afro-Spaniard,Female,1
Equatorial Guinea,Afro-Spaniard,Male,1
Equatorial Guinea,Benga people,Male,1
Equatorial Guinea,Black people,Male,1
Equatorial Guinea,Bubi people,Male,2
Equatorial Guinea,Fang people,Female,4
Equatorial Guinea,Fernandino peoples,Male,1
Eritrea,Dinka people,Male,1
Eritrea,Italian Eritreans,Female,1
Estonia,Estonian Americans,Male,1
Estonia,Estonians,Female,3
Estonia,Estonians,Male,13
Estonia,Estonians,Unknown,1
Estonia,Estonians in New Zealand,Male,1
Estonia,Russian Jews,Male,1
Estonia,Ukrainians in Finland,Male,1
Ethiopia,African Americans,Female,1
Ethiopia,African Americans,Male,2
Ethiopia,Amhara people,Female,1
Ethiopia,Beta Israel,Male,1
Ethiopia,Dinka people,Male,1
Ethiopia,Ethiopian Americans,Female,1
Ethiopia,Frisians,Male,1
Ethiopia,Irob people,Male,1
Ethiopia,Oromo people,Male,5
Ethiopia,Tigray people,Male,1
Faroe Islands,Faroese,Male,1
Fiji,Rotuman people,Male,2
Fiji,Solomon Islander,Female,1
Fiji,Solomon Islander,Male,1
Finland,Estonians,Female,2
Finland,Finnish Kale,Female,2
Finland,Finnish Kale,Male,6
Finland,Finns,Female,7
Finland,Finns,Male,15
Finland,Inari Sami people,Female,2
Finland,Inari Sami people,Male,1
Finland,Inuit,Male,1
Finland,Jewish people,Male,1
Finland,Northern Sámi people,Female,15
Finland,Northern Sámi people,Male,7
Finland,Romani people,Male,1
Finland,Skolts,Female,8
Finland,Skolts,Male,2
Finland,Sweden Finns,Female,2
Finland,Swedish-speaking population of Finland,Female,20
Finland,Swedish-speaking population of Finland,Male,37
Finland,Swedish-speaking population of Finland,Non-binary or other,1
Finland,Sámi people,Female,3
Finland,Sámi people,Male,1
Gabon,Fang people,Male,2
Gabon,Gbaya people,Male,1
Gabon,Kombe people,Female,1
Gabon,Mpongwe people,Female,2
Gabon,Mpongwe people,Male,1
Gabon,Myene people,Female,1
Gabon,Teke people,Male,1
Gabon,mulatto,Male,1
Georgia,Abkhazians,Male,3
Georgia,Armenian Americans,Male,1
Georgia,Armenians,Female,18
Georgia,Armenians,Male,165
Georgia,Armenians,Unknown,4
Georgia,Assyrians,Male,1
Georgia,Azerbaijanis,Female,1
Georgia,Azerbaijanis,Unknown,1
Georgia,Georgians,Female,7
Georgia,Georgians,Male,36
Georgia,Georgians,Unknown,35
Georgia,Ossetians,Female,1
Georgia,Ossetians,Male,8
Georgia,Russians,Male,2
Georgia,Svan people,Male,1
Georgia,Ukrainians,Female,1
Georgia,Ukrainians,Male,1
Germany,Afghans in Germany,Male,3
Germany,African Americans,Female,2
Germany,African Americans,Male,4
Germany,Afro-Germans,Female,4
Germany,Afro-Germans,Male,2
Germany,Czechs,Male,4
Germany,Galicians,Female,2
Germany,Galicians,Male,6
Germany,Germans,Female,4
Germany,Germans,Male,24
Germany,Germans,Unknown,1
Germany,Jewish people,Female,33
Germany,Jewish people,Male,55
Germany,Jewish people,Unknown,2
Germany,Kurds,Male,4
Germany,Kurds,Unknown,1
Germany,Sinti,Female,4
Germany,Sinti,Male,2
Germany,Sorbs,Female,1
Germany,Sorbs,Male,3
Germany,Turks,Male,5
Germany,Turks in Germany,Female,7
Germany,Turks in Germany,Male,5
Ghana,African Americans,Female,1
Ghana,African Americans,Male,5
Ghana,African people,Female,7
Ghana,Afrikaners,Female,1
Ghana,Afro-Catalan,Female,1
Ghana,Akan,Female,2
Ghana,Akan,Male,1
Ghana,Asante,Male,2
Ghana,Bissa people,Male,1
Ghana,Black people,Female,1
Ghana,Black people,Male,1
Ghana,Dagbamba,Female,1
Ghana,Dagbamba,Male,6
Ghana,Ewe,Male,5
Ghana,Ghanaians,Male,3
Ghana,Gonja people,Male,3
Greece,Armenians,Male,8
Greece,Aromanians,Female,1
Greece,Aromanians,Male,2
Greece,Bulgarians,Male,2
Greece,Bulgarians,Unknown,2
Greece,French,Male,2
Greece,Grecomans,Unknown,2
Greece,Greek Americans,Female,6
Greece,Greek Americans,Male,2
Greece,Greeks,Female,7
Greece,Greeks,Male,71
Greece,Greeks,Unknown,2
Greece,Jewish people,Female,1
Greece,Jewish people,Male,1
Greece,Jewish people,Unknown,1
Greece,Macedonian Americans,Unknown,3
Greece,Macedonians,Female,1
Greece,Macedonians,Unknown,3
Greece,Roma in Greece,Female,2
Greece,Roma in Greece,Male,5
Greece,Sephardi Jews,Female,2
Greece,Sephardi Jews,Male,1
Greenland,Inuit,Female,1
Greenland,Inuit,Male,1
Greenland,Kalaallit,Male,1
Greenland,Kilamiut,Male,1
Grenada,Black Canadians,Male,1
Grenada,Black people,Male,1
Grenada,Caribbean people,Male,1
Grenada,Grenadians,Female,1
Grenada,Saint Lucians,Female,1
Guatemala,Chinese Americans,Female,1
Guatemala,Cuban Americans,Male,1
Guatemala,Guatemalan Americans,Male,1
Guatemala,Hispanic and Latino Americans,Male,1
Guatemala,Kaqchikel people,Female,6
Guatemala,Kʼicheʼ,Female,5
Guatemala,Latino,Male,1
Guatemala,Mam people,Female,1
Guatemala,Maya people,Female,1
Guatemala,Q'eqchi' people,Female,2
Guatemala,Q'eqchi' people,Male,1
Guernsey,Normans,Male,1
Guinea,Afro-Catalan,Female,1
Guinea,Black people,Male,1
Guinea,Fulbe people,Female,2
Guinea,Krahn people,Male,1
Guinea,Liberian Americans,Male,1
Guinea-Bissau,Afro-Spaniard,Male,1
Guinea-Bissau,Balanta people,Male,1
Guinea-Bissau,Black people,Male,3
Guinea-Bissau,Papel people,Male,1
Guyana,African Americans,Female,1
Guyana,African Americans,Male,3
Guyana,African people,Female,1
Guyana,Black people,Male,1
Guyana,Guyanese,Male,2
Guyana,Indigenous peoples of the Americas,Female,1
Guyana,Indo-Guyanese,Female,1
Guyana,Wapishana people,Female,1
Haiti,African Americans,Female,2
Haiti,African Americans,Male,6
Haiti,Afro Caribbeans,Male,2
Haiti,Black people,Female,1
Haiti,Católica,Male,3
Haiti,Haitian Americans,Male,1
Honduras,Honduran Americans,Male,1
Honduras,Latino,Female,1
Honduras,Lenca people,Female,3
Hungary,Ashkenazi Jews,Male,2
Hungary,Germans of Hungary,Female,1
Hungary,Germans of Hungary,Male,4
Hungary,Greeks,Female,1
Hungary,Greeks,Male,1
Hungary,Hungarians,Female,5
Hungary,Hungarians,Male,11
Hungary,Jewish people,Female,2
Hungary,Jewish people,Male,14
Hungary,Lovari,Female,1
Hungary,Lovari,Male,1
Hungary,Romani people,Female,1
Hungary,Romani people,Male,7
Hungary,Romani people in Hungary,Female,2
Hungary,Romani people in Hungary,Male,3
Hungary,Slovaks,Male,2
Hungary,Slovenes,Male,4
Hungary,Vlax Romani,Female,1
Hungary,Vlax Romani,Male,1
Hungary,white people,Female,8
Iceland,Icelanders,Male,4
India,Bengali,Female,2
India,Bengali,Male,6
India,Bengali,Unknown,9
India,Gujarati people,Female,1
India,Gujarati people,Male,3
India,Ho people,Female,2
India,Ho people,Male,1
India,Indian Americans,Female,9
India,Indian Americans,Male,6
India,Indian Americans,Unknown,1
India,Indians,Female,2
India,Indians,Male,19
India,Marathi people,Female,1
India,Marathi people,Male,1
India,Marathi people,Unknown,1
India,Odia people,Female,10
India,Odia people,Male,28
India,Odia people,Unknown,1
India,Punjabis,Female,1
India,Punjabis,Male,2
India,Punjabis,Unknown,2
India,Rajasthani people,Female,1
India,Rajasthani people,Male,3
India,Santal people,Male,2
India,Santal people,Unknown,3
India,Tamil,Male,8
India,Tamil,Unknown,14
India,Telugu people,Female,1
India,Telugu people,Male,5
India,Telugu people,Unknown,7
Indonesia,Aceh,Male,2
Indonesia,Aceh,Unknown,2
Indonesia,Balinese,Female,4
Indonesia,Balinese,Male,2
Indonesia,Batak,Female,1
Indonesia,Batak,Male,5
Indonesia,Batak,Unknown,4
Indonesia,Buginese people,Female,2
Indonesia,Buginese people,Male,1
Indonesia,Buginese people,Unknown,3
Indonesia,Chinese Indonesians,Female,10
Indonesia,Chinese Indonesians,Male,75
Indonesia,Chinese Indonesians,Unknown,7
Indonesia,Indo people,Female,1
Indonesia,Indo people,Male,8
Indonesia,Javanese,Female,10
Indonesia,Javanese,Male,12
Indonesia,Karo Batak pople,Male,4
Indonesia,Malays,Female,8
Indonesia,Malays,Male,2
Indonesia,Minangkabau,Female,373
Indonesia,Minangkabau,Male,1298
Indonesia,Minangkabau,Unknown,6
Indonesia,Sundanese people,Female,9
Indonesia,Sundanese people,Male,2
Indonesia,Sundanese people,Unknown,3
Indonesia,Toba Batak,Female,1
Indonesia,Toba Batak,Male,3
Indonesia,Toba Batak,Unknown,1
Iran,Arabs,Female,1
Iran,Arabs,Male,5
Iran,Armenians,Female,4
Iran,Armenians,Male,23
Iran,Armenians,Unknown,2
Iran,Azerbaijanis,Male,5
Iran,Azerbaijanis,Unknown,2
Iran,Iranian Americans,Female,10
Iran,Iranian Americans,Male,2
Iran,Iranian Americans,Unknown,2
Iran,Iranian Arabs,Female,1
Iran,Iranian Arabs,Male,5
Iran,Iranian Armenians,Female,9
Iran,Iranian Armenians,Male,5
Iran,Iranian Azerbaijanis,Female,2
Iran,Iranian Azerbaijanis,Male,16
Iran,Iranian Azerbaijanis,Unknown,1
Iran,Iranian peoples,Female,5
Iran,Iranian peoples,Male,7
Iran,Iranian peoples,Unknown,1
Iran,Iranians,Female,3
Iran,Iranians,Male,2
Iran,Iranians,Unknown,1
Iran,Kurds,Female,11
Iran,Kurds,Male,20
Iran,Kurds,Unknown,37
Iran,Kurds in Iran,Female,3
Iran,Kurds in Iran,Male,3
Iran,Persians,Female,6
Iran,Persians,Male,2
Iraq,Arab Canadians,Female,1
Iraq,Arab Canadians,Male,1
Iraq,Arabs,Male,3
Iraq,Armenians,Male,3
Iraq,Armenians,Unknown,2
Iraq,Armenians in Iraq,Male,2
Iraq,Assyrians,Male,4
Iraq,Assyrians in Iraq,Female,1
Iraq,Feylis,Female,1
Iraq,Feylis,Male,7
Iraq,Iraqi Americans,Female,3
Iraq,Iraqi Turkmen,Male,5
Iraq,Jewish people,Male,2
Iraq,Kurds,Female,6
Iraq,Kurds,Male,19
Iraq,Kurds,Unknown,42
Iraq,Kurds in Iraq,Female,1
Iraq,Kurds in Iraq,Male,1
Ireland,British,Female,1
Ireland,Chinese people,Male,1
Ireland,Irish Americans,Male,2
Ireland,Irish people,Female,3
Ireland,Irish people,Male,27
Ireland,Nigerians in Ireland,Male,1
Ireland,White Americans,Male,1
Ireland,white people,Female,1
Ireland,white people,Male,2
Israel,Arab Muslims,Female,3
Israel,Arab Muslims,Male,14
Israel,Arab citizens of Israel,Female,5
Israel,Arab citizens of Israel,Male,21
Israel,Arab-Christians,Female,4
Israel,Arab-Christians,Male,6
Israel,Arabs,Female,7
Israel,Arabs,Male,31
Israel,Ashkenazi Jews,Female,15
Israel,Ashkenazi Jews,Male,24
Israel,Druze Faith,Female,1
Israel,Druze Faith,Male,4
Israel,Israeli Jews,Female,23
Israel,Israeli Jews,Male,70
Israel,Jewish people,Female,6
Israel,Jewish people,Male,18
Israel,Mizrahi Jews,Female,11
Israel,Mizrahi Jews,Male,20
Israel,Mizrahi Jews,Non-binary or other,1
Israel,Palestinians,Female,13
Israel,Palestinians,Male,43
Israel,Palestinians,Unknown,1
Israel,Palestinians in Israel,Male,10
Israel,Sephardi Jews,Female,12
Israel,Sephardi Jews,Male,25
Italy,Arbëreshë,Male,6
Italy,Armenians,Female,2
Italy,Armenians,Male,1
Italy,Czechs,Male,3
Italy,Friulians,Male,1
Italy,Friulians,Unknown,1
Italy,Italian Americans,Female,2
Italy,Italian Americans,Male,4
Italy,Italian Canadians,Female,5
Italy,Italian Canadians,Male,2
Italy,Italians,Female,6
Italy,Italians,Male,39
Italy,Italians,Unknown,1
Italy,Jewish people,Female,1
Italy,Jewish people,Male,10
Italy,Minangkabau,Female,1
Italy,Minangkabau,Male,2
Italy,Sicilian Americans,Male,5
Italy,Sicilians,Female,2
Italy,Sicilians,Male,1
Italy,Slovenes,Female,3
Ivory Coast,African Americans,Male,2
Ivory Coast,Akan people,Male,1
Ivory Coast,Baoulé people,Male,1
Ivory Coast,Black people,Male,1
Ivory Coast,Bubi people,Male,1
Ivory Coast,Dan people,Female,1
Ivory Coast,Dinka people,Male,1
Ivory Coast,Mandinka people,Female,1
Ivory Coast,Nafana people,Female,1
Ivory Coast,Nzema people,Male,1
Jamaica,African Americans,Female,7
Jamaica,African Americans,Male,15
Jamaica,African Jamaican,Female,1
Jamaica,African Jamaican,Male,2
Jamaica,Afro Caribbeans,Male,1
Jamaica,Afro-Russians,Male,1
Jamaica,Black Britons,Male,2
Jamaica,Black Canadians,Male,1
Jamaica,Black people,Female,2
Jamaica,Chinese Trinidadians and Tobagonians,Male,1
Jamaica,Hakka people,Male,1
Jamaica,Jamaican Americans,Female,3
Jamaica,Jamaican Americans,Male,4
Jamaica,Jamaicans,Female,2
Jamaica,Jamaicans,Male,2
Jamaica,Jewish people,Female,1
Japan,Ainu people,Female,14
Japan,Ainu people,Male,5
Japan,American Japanese,Female,5
Japan,American Japanese,Male,2
Japan,Australian people of Japanese descents,Male,3
Japan,Chinese Japanese,Female,1
Japan,Chinese Japanese,Male,2
Japan,Germans,Male,4
Japan,Japanese Americans,Female,4
Japan,Japanese Americans,Male,6
Japan,Japanese Canadians,Female,44
Japan,Japanese Canadians,Male,33
Japan,Japanese Canadians,Unknown,5
Japan,Japanese people,Female,19
Japan,Japanese people,Male,37
Japan,Japanese people,Unknown,3
Japan,Japanese people of Canadian descents,Female,1
Japan,Japanese people of Canadian descents,Male,2
Japan,Korean Japanese,Female,2
Japan,Korean Japanese,Male,11
Japan,Koreans in Japan,Female,6
Japan,Koreans in Japan,Male,16
Japan,Koreans in Japan,Unknown,2
Japan,Yamato people,Female,2
Japan,Yamato people,Male,5
Jordan,Arab Canadians,Female,1
Jordan,Arabs,Male,3
Jordan,Armenians,Female,1
Jordan,Circassians,Male,2
Jordan,Dom people,Male,1
Kazakhstan,Belarusians in Kazakhstan,Male,1
Kazakhstan,Czechs,Male,2
Kazakhstan,German-Russians,Female,1
Kazakhstan,German-Russians,Male,1
Kazakhstan,Germans of Kazakhstan,Male,1
Kazakhstan,Greeks,Female,1
Kazakhstan,Ingush people,Unknown,2
Kazakhstan,Kazakhs,Female,2
Kazakhstan,Kazakhs,Male,5
Kazakhstan,Koryo-saram,Male,2
Kazakhstan,Russians,Male,3
Kazakhstan,Russians in Kazakhstan,Male,2
Kazakhstan,Ukrainians,Male,5
Kazakhstan,Uyghurs,Female,1
Kazakhstan,Uyghurs,Male,2
Kenya,African Americans,Male,2
Kenya,African people,Female,1
Kenya,African people,Male,1
Kenya,Canadians,Male,1
Kenya,Indians in Kenya,Male,1
Kenya,Kalenjin people,Male,2
Kenya,Kamba people,Female,4
Kenya,Kenyan Americans,Non-binary or other,1
Kenya,Kenyan Americans,Unknown,1
Kenya,Kikuyu,Male,1
Kenya,Luhya,Female,1
Kenya,Luo people,Female,1
Kenya,Luo people,Male,1
Kenya,Punjabis,Male,1
Kenya,Swahili people,Female,1
Kingdom of the Netherlands,African Americans,Male,1
Kingdom of the Netherlands,Dutch,Female,1
Kingdom of the Netherlands,Dutch,Male,1
Kingdom of the Netherlands,Filipinos,Female,1
Kingdom of the Netherlands,Indo people,Male,1
Kingdom of the Netherlands,Italians,Female,1
Kingdom of the Netherlands,Jewish people,Female,1
Kingdom of the Netherlands,Jewish people,Male,1
Kingdom of the Netherlands,Minangkabau,Female,3
Kingdom of the Netherlands,Minangkabau,Male,7
Kingdom of the Netherlands,Q22988248,Male,1
Kingdom of the Netherlands,Spaniards,Female,1
Kosovo,Albanians,Female,3
Kosovo,Albanians,Male,3
Kosovo,Albanians,Unknown,1
Kosovo,Albanians in Kosovo,Female,7
Kosovo,Albanians in Kosovo,Male,6
Kosovo,Gurbeti,Male,1
Kosovo,Kosovars,Female,1
Kosovo,Romani people,Female,1
Kosovo,Romani people,Male,1
Kosovo,Serbian Canadians,Male,1
Kosovo,Serbs,Male,1
Kosovo,Serbs,Unknown,1
Kosovo,Serbs of Kosovo,Female,2
Kosovo,Serbs of Kosovo,Unknown,3
Kosovo,Serbs of Montenegro,Unknown,1
Kuwait,Arab Canadians,Female,1
Kuwait,Arabs,Male,8
Kuwait,Minangkabau,Male,1
Kyrgyzstan,Armenians,Female,1
Kyrgyzstan,Dungans,Female,1
Kyrgyzstan,Kyrgyz in China,Unknown,1
Kyrgyzstan,Kyrgyz people,Male,5
Kyrgyzstan,Russians,Male,2
Kyrgyzstan,Ukrainians,Male,1
Kyrgyzstan,Uzbeks,Male,1
Kyrgyzstan,жетиген,Male,1
Laos,Hmong Americans,Female,2
Laos,Hmong people,Female,2
Laos,Lao people,Female,1
Laos,Vietnamese people,Male,1
Latvia,Armenians,Male,1
Latvia,Baltic Germans,Male,1
Latvia,Jewish people,Male,3
Latvia,Latvian Americans,Male,2
Latvia,Latvians,Male,2
Latvia,Livonians,Male,1
Latvia,Poles,Male,1
Latvia,Romani people,Male,2
Latvia,Russians,Male,1
Latvia,Volksdeutsche,Male,1
Lebanon,Antiochian Greeks,Female,1
Lebanon,Antiochian Greeks,Male,1
Lebanon,Arabs,Female,1
Lebanon,Arabs,Male,1
Lebanon,Armenians,Female,2
Lebanon,Armenians,Male,13
Lebanon,Armenians,Unknown,6
Lebanon,Armenians in Lebanon,Female,1
Lebanon,Armenians in Lebanon,Male,1
Lebanon,British,Male,2
Lebanon,Lebanese Americans,Female,1
Lebanon,Lebanese Americans,Male,1
Lebanon,Lebanese Argentines,Female,1
Lebanon,Lebanese Argentines,Male,2
Lebanon,Lebanese Canadians,Female,1
Lebanon,Lebanese Canadians,Male,2
Lebanon,Lebanese French,Female,1
Lebanon,Lebanese French,Male,3
Lebanon,Lebanese Greek Orthodox Christians,Male,4
Lebanon,Lebanese people,Female,1
Lebanon,Lebanese people,Male,3
Lebanon,White Brazilians,Male,3
Lesotho,African people,Female,2
Lesotho,Sotho people,Male,1
Liberia,African Americans,Female,1
Liberia,Bassa,Female,1
Liberia,Black people,Male,1
Liberia,Liberian Americans,Female,1
Libya,Berbers,Male,1
Liechtenstein,Galicians,Male,1
Lithuania,Ashkenazi Jews,Male,1
Lithuania,Belarusians,Male,2
Lithuania,Crimean Karaites,Female,1
Lithuania,Crimean Karaites,Male,1
Lithuania,Jewish people,Female,2
Lithuania,Jewish people,Male,2
Lithuania,Lithuanian Americans,Male,1
Lithuania,Lithuanian Jews,Female,1
Lithuania,Lithuanian Jews,Male,3
Lithuania,Lithuanians,Female,1
Lithuania,Lithuanians,Male,4
Lithuania,Poles,Female,1
Lithuania,Poles,Male,3
Lithuania,Poles in Lithuania,Male,1
Lithuania,Volksdeutsche,Male,1
Luxembourg,African Americans,Female,1
Luxembourg,Belgians,Male,1
Luxembourg,Luxembourgers,Male,1
Madagascar,African people,Female,2
Madagascar,Betsimisaraka people,Male,1
Madagascar,Malagasy,Female,1
Madagascar,Malagasy people,Female,1
Madagascar,Merina people,Male,1
Madagascar,Minangkabau,Female,1
Madagascar,Norwegians,Male,2
Malawi,Mzimba District,Female,1
Malaysia,Bisaya,Male,1
Malaysia,Bruneian Malays,Male,1
Malaysia,Huaren,Male,2
Malaysia,Indian Malaysians,Female,1
Malaysia,Indian Malaysians,Male,2
Malaysia,Indian Malaysians,Unknown,5
Malaysia,Kadazan-Dusun,Male,2
Malaysia,Kadazan-Dusun,Unknown,3
Malaysia,Malays,Female,28
Malaysia,Malays,Male,28
Malaysia,Malays,Unknown,69
Malaysia,Malaysian Americans,Female,2
Malaysia,Malaysian Chinese,Female,7
Malaysia,Malaysian Chinese,Male,11
Malaysia,Malaysian Chinese,Unknown,6
Malaysia,Malaysian Malays,Female,2
Malaysia,Malaysian Malays,Male,3
Malaysia,Melanau people,Male,1
Malaysia,Melanau people,Unknown,1
Malaysia,Minangkabau,Female,18
Malaysia,Minangkabau,Male,71
Malaysia,Tamil Malaysians,Male,1
Malaysia,Tamil Malaysians,Unknown,1
Maldives,Maldivians,Male,2
Mali,African Americans,Male,1
Mali,Bambara,Male,1
Mali,Dinka people,Male,1
Mali,Mandinka people,Male,1
Mali,Tuareg Amazighs,Male,2
Malta,African Americans,Male,1
Malta,European people,Female,1
Malta,Maltese people,Male,9
Mauritius,Franco-Mauritian,Male,1
Mexico,African Americans,Female,1
Mexico,African Americans,Male,1
Mexico,Afro Mexicans,Female,3
Mexico,Afro Mexicans,Male,1
Mexico,Jewish people,Female,1
Mexico,Jewish people,Male,3
Mexico,Lebanese Mexicans,Female,1
Mexico,Lebanese Mexicans,Male,2
Mexico,Mexican Americans,Female,3
Mexico,Mexican Americans,Male,4
Mexico,Mexican Americans,Unknown,1
Mexico,Mexicans,Female,2
Mexico,Mexicans,Male,7
Mexico,Mixtec people,Female,3
Mexico,Mixtec people,Male,2
Mexico,Nahua,Female,3
Mexico,Tzeltal people,Female,2
Mexico,Tzeltal people,Male,1
Mexico,Tzotzil people,Female,5
Mexico,Tzotzil people,Male,3
Mexico,Zapotec,Female,3
Mexico,Zapotec,Male,1
Mexico,Zapotec,Non-binary or other,1
Mexico,rarámuri,Female,4
Mexico,rarámuri,Male,1
Moldova,Armenians,Male,1
Moldova,Bessarabian Bulgarians,Female,1
Moldova,Bessarabian Bulgarians,Male,2
Moldova,Gagauz,Female,1
Moldova,Gagauz,Male,1
Moldova,Jewish people,Female,3
Moldova,Jewish people,Male,3
Moldova,Moldavian diaspora,Male,1
Moldova,Moldovans,Female,1
Moldova,Moldovans,Male,4
Moldova,Romani people,Male,1
Moldova,Romanians,Female,2
Moldova,Romanians,Male,23
Moldova,Russian Jews,Male,1
Moldova,Russians,Female,1
Moldova,Ukrainians,Male,2
Moldova,Ukrainians in Moldova,Male,1
Monaco,Monegasques,Female,1
Mongolia,Khalkhas,Unknown,6
Mongolia,Mongols,Male,12
Mongolia,Mongols,Unknown,50
Montenegro,Albanians,Male,1
Montenegro,Montenegrins,Male,2
Montenegro,Serbian Canadians,Unknown,1
Montenegro,Serbs,Male,3
Montenegro,Serbs,Unknown,3
Montenegro,Serbs of Montenegro,Female,1
Montenegro,Serbs of Montenegro,Male,2
Montenegro,Serbs of Montenegro,Unknown,5
Morocco,African people,Female,2
Morocco,Afro-Catalan,Female,2
Morocco,Algerian French,Male,1
Morocco,Arabs,Male,3
Morocco,Berbers,Female,4
Morocco,Berbers,Male,3
Morocco,Jewish people,Female,3
Morocco,Kebdana,Male,1
Morocco,Mediterranean race,Female,1
Morocco,Moroccan Americans,Female,1
Morocco,Moroccan Americans,Male,1
Morocco,Moroccan Dutch,Male,4
Morocco,Moroccan Dutch,Unknown,1
Morocco,Moroccan Jews,Female,1
Morocco,Moroccan Jews,Male,1
Morocco,Schleuh people,Male,3
Mozambique,African Americans,Male,1
Mozambique,African Brazilians,Female,1
Mozambique,Black people,Male,1
Mozambique,Chopi people,Male,1
Mozambique,Tsonga people,Male,1
Myanmar,Bamar,Female,9
Myanmar,Bamar,Male,46
Myanmar,Bamar,Unknown,2
Myanmar,Burmese Hàn,Male,1
Myanmar,Chin people,Male,1
Myanmar,Chinese Americans,Female,1
Myanmar,Chinese Singaporeans,Female,1
Myanmar,Jingpo people,Male,1
Myanmar,Kokang people,Female,2
Myanmar,Kokang people,Male,12
Myanmar,Mon people,Unknown,21
Myanmar,Pa'O people,Unknown,5
Myanmar,Rakhine,Female,1
Myanmar,Rakhine,Male,15
Myanmar,Rakhine,Unknown,8
Myanmar,Rohingya,Female,1
Myanmar,Rohingya,Male,1
Myanmar,Shan people,Female,1
Myanmar,Shan people,Male,4
Myanmar,Shan people,Unknown,1
Namibia,German Namibians,Male,1
Namibia,Kwanyama,Male,1
Nepal,Kusunda people,Female,1
Nepal,Magars,Male,1
New Zealand,European New Zealanders,Female,7
New Zealand,European New Zealanders,Male,8
New Zealand,European New Zealanders,Non-binary or other,1
New Zealand,European New Zealanders,Unknown,1
New Zealand,Irish people,Female,3
New Zealand,Irish people,Male,2
New Zealand,Irish people,Non-binary or other,2
New Zealand,Māori,Female,114
New Zealand,Māori,Male,134
New Zealand,Māori,Non-binary or other,8
New Zealand,Māori,Unknown,3
New Zealand,New Zealanders,Female,1
New Zealand,New Zealanders,Male,9
New Zealand,Ngāpuhi,Female,6
New Zealand,Ngāpuhi,Male,5
New Zealand,Ngāti Kahungunu,Female,1
New Zealand,Ngāti Kahungunu,Male,5
New Zealand,Ngāti Maniapoto,Female,8
New Zealand,Ngāti Porou,Female,6
New Zealand,Ngāti Porou,Male,11
New Zealand,Ngāti Tūwharetoa,Female,5
New Zealand,Ngāti Tūwharetoa,Male,2
New Zealand,Pākehā,Female,7
New Zealand,Pākehā,Male,1
New Zealand,Pākehā,Unknown,1
New Zealand,Samoans,Female,7
New Zealand,Samoans,Male,7
New Zealand,Samoans,Non-binary or other,1
New Zealand,Scottish people,Female,2
New Zealand,Scottish people,Male,3
New Zealand,Scottish people,Non-binary or other,4
Nicaragua,Afro-Nicaraguan,Female,2
Nicaragua,Garifuna,Female,1
Nicaragua,Miskito people,Female,1
Nicaragua,Nicaraguan Americans,Male,1
Nicaragua,Nicaraguans,Male,1
Niger,African people,Female,1
Niger,Diffa Arabs,Male,1
Niger,Dinka people,Male,1
Niger,Fulbe people,Male,2
Niger,Hausa people,Male,2
Niger,Tuareg Amazighs,Male,2
Niger,Zarma people,Male,5
Nigeria,African Americans,Female,3
Nigeria,African Americans,Male,7
Nigeria,African Americans,Unknown,1
Nigeria,African people,Female,14
Nigeria,Edo people,Female,1
Nigeria,Edo people,Male,12
Nigeria,Efik people,Male,8
Nigeria,Fulbe people,Female,1
Nigeria,Fulbe people,Male,12
Nigeria,Hausa people,Female,7
Nigeria,Hausa people,Male,60
Nigeria,Hausa people,Unknown,1
Nigeria,Idoma people,Female,3
Nigeria,Idoma people,Male,5
Nigeria,Igbo,Female,6
Nigeria,Igbo,Male,9
Nigeria,Igbo people,Female,31
Nigeria,Igbo people,Male,95
Nigeria,Igbo people,Non-binary or other,1
Nigeria,Ijaw people,Male,8
Nigeria,Yoruba,Female,10
Nigeria,Yoruba,Male,11
Nigeria,Yoruba people,Female,64
Nigeria,Yoruba people,Male,206
Nigeria,Yoruba people,Non-binary or other,2
Niue,Niueans,Male,1
North Korea,Korean Americans,Male,1
North Korea,Korean Canadians,Male,1
North Korea,Korean Japanese,Male,1
North Korea,Koreans,Male,6
North Korea,Koreans,Unknown,1
North Korea,Koreans in Japan,Male,1
North Macedonia,Albanians,Male,10
North Macedonia,Albanians,Unknown,5
North Macedonia,Albanians in North Macedonia,Male,3
North Macedonia,Albanians in North Macedonia,Unknown,5
North Macedonia,Aromanians,Male,1
North Macedonia,Bosniaks,Male,1
North Macedonia,Bosniaks in North Macedonia,Unknown,1
North Macedonia,Bulgarians,Male,4
North Macedonia,Bulgarians,Unknown,3
North Macedonia,Macedonian Bulgarians,Male,4
North Macedonia,Macedonian Bulgarians,Unknown,3
North Macedonia,Macedonians,Female,6
North Macedonia,Macedonians,Male,30
North Macedonia,Macedonians,Unknown,77
North Macedonia,Romani people,Female,1
North Macedonia,Romani people,Male,2
North Macedonia,Romani people in North Macedonia,Female,1
North Macedonia,Romani people in North Macedonia,Male,1
North Macedonia,Turks,Female,1
North Macedonia,Turks,Male,2
North Macedonia,Turks,Unknown,1
North Macedonia,Turks in North Macedonia,Female,3
North Macedonia,Turks in North Macedonia,Male,4
North Macedonia,Turks in North Macedonia,Unknown,2
Northern Cyprus,Greeks,Female,1
Northern Cyprus,Turkish Cypriots,Female,2
Northern Cyprus,Turkish Cypriots,Male,1
Norway,Eritreans in Norway,Male,1
Norway,Iñupiaq people,Female,1
Norway,Jewish people,Male,1
Norway,Lule Sámi people,Female,1
Norway,Lule Sámi people,Male,3
Norway,Moroccans in Norway,Male,1
Norway,North Germanic peoples,Male,1
Norway,Northern Sámi people,Female,28
Norway,Northern Sámi people,Male,26
Norway,Norwegians,Female,7
Norway,Norwegians,Male,31
Norway,Sea Sámi,Female,3
Norway,Sea Sámi,Male,1
Norway,Southern Sámi people,Female,3
Norway,Southern Sámi people,Male,2
Norway,Sámi people,Female,11
Norway,Sámi people,Male,8
Oman,Arab Canadians,Female,1
Oman,Arabs,Male,1
Oman,Indian New Zealander,Female,1
Oman,Samoan New Zealanders,Female,1
Pakistan,Arain,Unknown,1
Pakistan,Asian Americans,Female,1
Pakistan,Bahawalpur State,Male,1
Pakistan,Baloch,Female,1
Pakistan,Baloch,Male,5
Pakistan,British Pakistanis,Female,1
Pakistan,Brohi Charan,Male,1
Pakistan,Meo Rajput,Male,3
Pakistan,Pakistani Americans,Female,2
Pakistan,Pakistani Americans,Male,6
Pakistan,Pakistanis,Female,1
Pakistan,Pakistanis,Male,3
Pakistan,Pakistanis,Unknown,4
Pakistan,Pashtuns,Male,2
Pakistan,Punjabis,Female,2
Pakistan,Punjabis,Male,1
Pakistan,Punjabis,Unknown,2
Pakistan,Sindhis,Male,4
Pakistan,Sindhis,Unknown,18
Palestine,Arab Canadians,Female,1
Palestine,Arabs,Male,1
Palestine,Armenians,Male,2
Palestine,Armenians,Unknown,1
Palestine,Czechs,Male,1
Palestine,Greeks,Male,1
Palestine,Israeli Jews,Female,1
Palestine,Israeli Jews,Male,1
Palestine,Jewish people,Male,5
Palestine,Palestinian Canadians,Male,1
Palestine,Palestinians,Female,2
Palestine,Palestinians,Male,11
Palestine,Palestinians,Unknown,1
Palestine,Palestinians in the United States,Female,1
Palestine,Samaritan,Male,1
Palestine,Sephardi Jews,Female,1
Panama,African Americans,Female,1
Panama,African Americans,Male,4
Panama,Afro-Panamanians,Male,2
Panama,Guna people,Female,1
Panama,Guna people,Male,1
Panama,Norwegians,Female,1
Panama,Panamanians,Female,1
Panama,Panamanians,Male,1
Panama,West Indians,Male,1
Papua New Guinea,Q84493931,Female,1
Paraguay,Afro-Paraguayans,Male,1
Paraguay,White Brazilians,Male,1
People's Republic of China,Chinese Americans,Female,7
People's Republic of China,Chinese Americans,Male,9
People's Republic of China,Chinese Americans,Non-binary or other,1
People's Republic of China,Chinese people,Female,3
People's Republic of China,Chinese people,Male,5
People's Republic of China,Chinese people,Unknown,1
People's Republic of China,Han Chinese people,Female,55
People's Republic of China,Han Chinese people,Male,154
People's Republic of China,Han Chinese people,Unknown,5
People's Republic of China,Huaren,Female,4
People's Republic of China,Huaren,Male,6
People's Republic of China,Huaren,Unknown,1
People's Republic of China,Hui people,Female,3
People's Republic of China,Hui people,Male,9
People's Republic of China,Hui people,Non-binary or other,1
People's Republic of China,Korean Chinese,Female,2
People's Republic of China,Korean Chinese,Male,4
People's Republic of China,Koreans,Female,1
People's Republic of China,Koreans,Male,6
People's Republic of China,Kyrgyz in China,Female,1
People's Republic of China,Kyrgyz in China,Male,1
People's Republic of China,Kyrgyz in China,Unknown,11
People's Republic of China,Manchu,Female,7
People's Republic of China,Manchu,Male,12
People's Republic of China,Mongols,Female,3
People's Republic of China,Mongols,Male,9
People's Republic of China,Mongols,Unknown,1
People's Republic of China,Tibetan people,Female,7
People's Republic of China,Tibetan people,Male,14
People's Republic of China,Uyghurs,Female,3
People's Republic of China,Uyghurs,Male,12
People's Republic of China,Uyghurs,Unknown,12
Peru,Afro-Latin Americans,Male,1
Peru,Afro-Peruvian,Female,5
Peru,Afro-Peruvian,Male,1
Peru,Aguaruna people,Male,3
Peru,American Jews,Female,1
Peru,Asháninka people,Female,3
Peru,Asháninka people,Male,2
Peru,Aymara,Female,2
Peru,Bora people,Female,1
Peru,Bora people,Male,2
Peru,Japanese Peruvians,Female,2
Peru,Peruvians,Female,2
Peru,Peruvians,Male,1
Peru,Quechua people,Female,4
Peru,Quechua people,Male,5
Peru,Shipibo-Conibo people,Female,9
Peru,Witoto people,Male,2
Philippines,Bicolano people,Male,8
Philippines,Bicolano people,Unknown,9
Philippines,Boholano people,Male,5
Philippines,Cebuano people,Female,2
Philippines,Cebuano people,Male,5
Philippines,Chinese Filipino,Female,1
Philippines,Chinese Filipino,Male,2
Philippines,Filipino Americans,Female,3
Philippines,Filipino Americans,Male,5
Philippines,Filipinos,Female,14
Philippines,Filipinos,Male,34
Philippines,Filipinos,Non-binary or other,1
Philippines,Filipinos,Unknown,1
Philippines,Hiligaynon people,Female,6
Philippines,Hiligaynon people,Male,19
Philippines,Ilocano,Female,1
Philippines,Ilocano,Male,15
Philippines,Kapampangan people,Female,5
Philippines,Kapampangan people,Male,36
Philippines,Karay-a people,Female,7
Philippines,Karay-a people,Male,20
Philippines,Tagalog people,Male,4
Philippines,Tagalog people,Unknown,1
Philippines,Tausug people,Female,1
Philippines,Tausug people,Male,4
Poland,Belarusians,Male,3
Poland,Czechs,Male,8
Poland,Jewish people,Female,19
Poland,Jewish people,Male,64
Poland,Jewish people,Unknown,5
Poland,Lemkos,Female,1
Poland,Lemkos,Male,3
Poland,Poles,Female,22
Poland,Poles,Male,122
Poland,Polish Americans,Female,3
Poland,Polish Americans,Male,2
Poland,Romani people,Female,2
Poland,Romani people,Male,2
Poland,Silesians,Female,1
Poland,Silesians,Male,5
Poland,Ukrainians,Female,2
Poland,Ukrainians,Male,4
Poland,Volksdeutsche,Male,3
Poland,Warmian people,Male,3
Poland,Western Ukrainians,Male,2
Portugal,Afro-Portuguese,Female,1
Portugal,Afro-Portuguese,Male,1
Portugal,Azorean Canadians,Male,2
Portugal,British migration to Portugal,Male,1
Portugal,Irish people,Male,1
Portugal,Jewish people,Male,1
Portugal,Kongo people,Male,1
Portugal,Minangkabau,Female,1
Portugal,Portuguese,Female,3
Portugal,Portuguese,Male,8
Portugal,Portuguese Africans,Male,1
Portugal,Portuguese Americans,Female,1
Portugal,Romani people,Female,2
Portugal,White Brazilians,Male,4
Puerto Rico,Dominican Americans,Male,1
Puerto Rico,Stateside Puerto Ricans,Male,1
Q785,Normans,Male,1
Qatar,Arab Canadians,Female,1
Qatar,Arabs,Male,1
Republic of the Congo,Mbosi people,Male,1
Romania,Armenians,Female,2
Romania,Armenians,Male,7
Romania,Banat Swabians,Male,10
Romania,Crimean Tatars,Female,1
Romania,Crimean Tatars,Male,3
Romania,Hungarians,Female,3
Romania,Hungarians,Male,12
Romania,Hungarians,Unknown,1
Romania,Hungarians in Romania,Female,7
Romania,Hungarians in Romania,Male,3
Romania,Jewish people,Female,16
Romania,Jewish people,Male,43
Romania,Romani people,Female,3
Romania,Romani people,Male,1
Romania,Romanian Jews,Male,7
Romania,Romanians,Female,1
Romania,Romanians,Male,12
Romania,Rusyns,Female,2
Romania,Rusyns,Male,1
Romania,Rusyns,Unknown,9
Romania,Transylvanian Saxons,Male,7
Romania,Ukrainians,Female,1
Romania,Ukrainians,Male,3
Russia,Armenians,Female,10
Russia,Armenians,Male,79
Russia,Armenians,Unknown,1
Russia,Bashkir people,Female,1
Russia,Bashkir people,Male,7
Russia,Belarusians,Female,1
Russia,Belarusians,Male,6
Russia,Chechens,Female,2
Russia,Chechens,Male,7
Russia,Chuvash people,Male,9
Russia,Chuvash people,Unknown,1
Russia,Crimean Tatars,Female,7
Russia,Crimean Tatars,Male,31
Russia,Crimean Tatars,Unknown,1
Russia,Ingush people,Male,2
Russia,Ingush people,Unknown,7
Russia,Jewish people,Female,5
Russia,Jewish people,Male,18
Russia,Russians,Female,13
Russia,Russians,Male,230
Russia,Sámi people,Female,17
Russia,Sámi people,Male,1
Russia,Tatars,Female,37
Russia,Tatars,Male,30
Russia,Tatars,Unknown,10
Russia,Ukrainians,Female,3
Russia,Ukrainians,Male,24
Rwanda,Black people,Male,1
Rwanda,Hutu,Female,1
Rwanda,Hutu,Male,1
Rwanda,Tutsi,Male,2
Saint Kitts and Nevis,African Americans,Male,1
Saint Lucia,Afro-Saint Lucians,Unknown,1
Saint Lucia,Saint Lucians,Male,1
Samoa,Samoans,Female,5
Samoa,Samoans,Male,1
Samoa,Tokelauan people,Male,1
Samoa,Tuvaluans,Male,1
Saudi Arabia,Arab Americans,Female,1
Saudi Arabia,Arab Canadians,Female,1
Saudi Arabia,Arabs,Male,15
Saudi Arabia,Arabs,Unknown,2
Saudi Arabia,Bedoui,Female,1
Saudi Arabia,German Americans,Female,1
Saudi Arabia,Iraqis,Female,1
Saudi Arabia,Maranao people,Female,1
Saudi Arabia,Minangkabau,Male,2
Saudi Arabia,Otaibah,Female,1
Saudi Arabia,Saudi Americans,Female,1
Saudi Arabia,Saudis,Male,1
Senegal,African Americans,Male,2
Senegal,African people,Female,1
Senegal,Black people,Male,2
Senegal,Dinka people,Male,1
Senegal,Fulbe people,Female,1
Senegal,Fulbe people,Male,2
Senegal,Moroccans,Male,1
Serbia,Albanians,Female,3
Serbia,Albanians,Male,2
Serbia,Albanians,Unknown,1
Serbia,Albanians in Kosovo,Female,6
Serbia,Albanians in Kosovo,Male,1
Serbia,Hungarians,Female,2
Serbia,Hungarians,Male,1
Serbia,Hungarians in Serbia,Male,2
Serbia,Hungarians in Serbia,Unknown,1
Serbia,Roma in Serbia,Male,2
Serbia,Romani people,Female,3
Serbia,Romani people,Male,2
Serbia,Rusyns,Male,1
Serbia,Rusyns,Unknown,2
Serbia,Serbs,Female,6
Serbia,Serbs,Male,14
Serbia,Serbs,Unknown,14
Serbia,Serbs in Germany,Male,1
Serbia,Serbs in Germany,Unknown,2
Serbia,Serbs in Italy,Female,1
Serbia,Serbs in Italy,Unknown,2
Serbia,Serbs in the United Kingdom,Unknown,3
Serbia,Serbs of Kosovo,Female,2
Serbia,Serbs of Kosovo,Unknown,2
Seychelles,Franco-Seychellois,Female,1
Sierra Leone,African Americans,Male,1
Sierra Leone,Black people,Male,1
Sierra Leone,Fulbe people,Female,1
Sierra Leone,Temne people,Female,1
Singapore,Buginese people,Unknown,1
Singapore,Chinese Indonesians,Male,2
Singapore,Chinese Singaporeans,Male,1
Singapore,Chinese Singaporeans,Unknown,1
Singapore,Malays,Male,1
Singapore,Malays,Unknown,1
Singapore,Malaysian Chinese,Non-binary or other,1
Singapore,Minangkabau,Female,4
Singapore,Minangkabau,Male,4
Singapore,Peranakan,Female,1
Singapore,Peranakan Chinese,Female,1
Singapore,Sindhis,Male,1
Singapore,Singaporean Canadians,Non-binary or other,1
Singapore,Singaporean Malays,Male,1
Singapore,Singaporean Malays,Unknown,1
Singapore,Singaporeans,Female,1
Slovakia,Burgenland Croats,Male,1
Slovakia,Carpathian Germans,Male,1
Slovakia,Caucasian race,Female,3
Slovakia,Czechs,Female,2
Slovakia,Czechs,Male,12
Slovakia,Germans,Male,1
Slovakia,Hungarians,Female,1
Slovakia,Hungarians,Male,3
Slovakia,Hungarians in Slovakia,Female,2
Slovakia,Hungarians in Slovakia,Male,3
Slovakia,Jewish people,Male,7
Slovakia,Romani people,Female,3
Slovakia,Romani people,Male,2
Slovakia,Slovaks,Female,1
Slovakia,Slovaks,Male,111
Slovakia,Ukrainians,Male,4
Slovakia,Volksdeutsche,Male,38
Slovenia,Czechs,Male,2
Slovenia,Romani people,Female,1
Slovenia,Serbs in Slovenia,Unknown,1
Slovenia,Slovenes,Female,16
Slovenia,Slovenes,Male,5
Somalia,Arabs,Male,1
Somalia,Benadiri people,Female,1
Somalia,Habr Je'lo,Male,1
Somalia,Italians,Male,1
Somalia,Marehan,Male,1
Somalia,Somali American,Female,1
Somalia,Somalis,Male,3
South Africa,Africa,Male,1
South Africa,African Americans,Female,1
South Africa,African Americans,Male,5
South Africa,African people,Female,21
South Africa,African people,Male,1
South Africa,African people,Non-binary or other,1
South Africa,Afrikaners,Female,1
South Africa,Black Africans,Female,4
South Africa,Black people,Female,17
South Africa,Coloured,Female,2
South Africa,Jewish people,Male,3
South Africa,Lithuanian Jews,Male,2
South Africa,Venda,Female,2
South Africa,White South Africans,Female,1
South Africa,White South Africans,Male,2
South Africa,Zulu people,Female,2
South Africa,Zulu people,Male,2
South Korea,African Americans,Female,1
South Korea,African Americans,Male,2
South Korea,Asian Americans,Female,2
South Korea,Asian Americans,Unknown,1
South Korea,Haiti,Female,1
South Korea,Japanese people,Male,1
South Korea,Korea,Male,1
South Korea,Korean,Female,1
South Korea,Korean,Unknown,1
South Korea,Korean Americans,Female,12
South Korea,Korean Americans,Male,9
South Korea,Korean Americans,Unknown,1
South Korea,Korean Canadians,Female,1
South Korea,Korean Canadians,Male,1
South Korea,Korean Germans,Male,2
South Korea,Korean Japanese,Female,1
South Korea,Koreans,Female,6
South Korea,Koreans,Male,18
South Korea,Koreans,Unknown,2
South Korea,Koreans in Japan,Male,1
South Sudan,Dinka people,Female,1
South Sudan,Dinka people,Male,2
South Sudan,Nuer people,Female,1
South Sudan,Nuer people,Male,1
Spain,Afro-Catalan,Female,8
Spain,Afro-Catalan,Male,5
Spain,Asturian people,Female,1
Spain,Asturian people,Male,16
Spain,Basque people,Female,14
Spain,Basque people,Male,20
Spain,Berbers,Female,2
Spain,Berbers,Male,1
Spain,Bubi people,Female,1
Spain,Bubi people,Male,3
Spain,Estación de Euskalduna,Female,10
Spain,Galicians,Female,305
Spain,Galicians,Male,914
Spain,Galicians,Non-binary or other,1
Spain,Mediterranean race,Female,37
Spain,Mediterranean race,Male,53
Spain,Romani people,Female,13
Spain,Romani people,Male,11
Spain,Romani people in Spain,Female,5
Spain,Romani people in Spain,Male,23
Spain,Spaniards,Female,3
Spain,Spaniards,Male,20
Spain,white people,Female,1
Spain,white people,Male,2
Sri Lanka,Burgher people,Male,1
Sri Lanka,Jewish people,Male,1
Sri Lanka,Sinhalese,Female,2
Sri Lanka,Sinhalese,Unknown,5
Sri Lanka,Sri Lankan Americans,Female,1
Sri Lanka,Sri Lankan Americans,Male,1
Sri Lanka,Sri Lankan Americans,Non-binary or other,1
Sri Lanka,Sri Lankan Tamils,Female,3
Sri Lanka,Sri Lankan Tamils,Male,6
Sri Lanka,Sri Lankan Tamils,Unknown,11
Sri Lanka,Tamil,Female,1
Sri Lanka,Tamil,Male,1
Sri Lanka,Tamil,Unknown,1
Sudan,African Americans,Male,6
Sudan,African people,Female,2
Sudan,Dinka people,Male,1
Sudan,European people,Female,1
Sudan,Jewish people,Male,1
Sudan,Sudan,Male,1
Sudan,Sudanese,Male,2
Sudan,Sudanese Americans,Male,1
Suriname,African Americans,Unknown,1
Suriname,Black people,Female,1
Suriname,Bushinengue,Male,4
Suriname,Indo-Surinamese,Female,1
Suriname,Jewish people,Male,2
Suriname,Surinamese Dutch,Male,14
Suriname,Surinamese people,Female,2
Suriname,Wayana people,Female,1
Suriname,indigenous peoples in Suriname,Male,1
Sweden,Afro-Descendant,Female,1
Sweden,Albanians,Male,1
Sweden,Croats of Sweden,Male,1
Sweden,Estonians,Female,1
Sweden,Lule Sámi people,Female,3
Sweden,Lule Sámi people,Male,3
Sweden,Northern Sámi people,Female,3
Sweden,Northern Sámi people,Male,1
Sweden,Southern Sámi people,Female,1
Sweden,Southern Sámi people,Male,2
Sweden,Sweden Finns,Female,1
Sweden,Sweden Finns,Male,1
Sweden,Swedes,Female,7
Sweden,Swedes,Male,31
Sweden,Swedish-speaking population of Finland,Male,3
Sweden,Sámi people,Female,8
Sweden,Sámi people,Male,3
Sweden,Ume Saami,Female,1
Sweden,Ume Saami,Male,1
Switzerland,Albanians,Male,2
Switzerland,American Jews,Female,1
Switzerland,Armenian Americans,Male,1
Switzerland,Armenians,Male,1
Switzerland,Austrians,Male,1
Switzerland,Galicians,Female,2
Switzerland,Galicians,Male,4
Switzerland,Germans,Male,1
Switzerland,Hungarians,Male,1
Switzerland,Italian Jews,Female,1
Switzerland,Italian Jews,Male,1
Switzerland,Jewish people,Female,1
Switzerland,Jewish people,Male,1
Switzerland,Swiss,Female,1
Switzerland,Swiss,Male,6
Switzerland,Thai people,Female,2
Syria,Alawites,Male,1
Syria,Antiochian Greeks,Male,5
Syria,Arab Canadians,Female,1
Syria,Arabs,Male,2
Syria,Arabs in Romania,Male,1
Syria,Armenians,Female,1
Syria,Armenians,Male,13
Syria,Armenians,Unknown,10
Syria,Armenians in Syria,Female,1
Syria,Armenians in Syria,Male,1
Syria,Banu Sahm,Female,1
Syria,Banu Sahm,Male,1
Syria,Kurds,Female,3
Syria,Kurds,Male,5
Syria,Kurds,Unknown,3
Syria,Palestinians,Female,2
Syria,Palestinians,Male,2
Syria,Syrian Americans,Female,2
Syria,Syrian Argentines,Male,6
Taiwan,Amis,Female,4
Taiwan,Amis,Male,6
Taiwan,Argentines,Male,1
Taiwan,Atayal,Male,2
Taiwan,Canadians,Male,1
Taiwan,Chinese Canadians,Female,1
Taiwan,Hakka people,Female,1
Taiwan,Hakka people,Male,2
Taiwan,Hoklo Taiwanese,Female,1
Taiwan,Hoklo Taiwanese,Male,1
Taiwan,Paiwan people,Female,1
Taiwan,Paiwan people,Male,7
Taiwan,Taiwanese Americans,Female,4
Taiwan,Taiwanese Americans,Male,5
Taiwan,Taiwanese people,Female,2
Taiwan,Taiwanese people,Male,3
Taiwan,Truku people,Male,3
Taiwan,Tsou people,Female,1
Taiwan,Tsou people,Male,1
Tajikistan,Ashkenazi Jews,Male,1
Tajikistan,Koryo-saram,Female,1
Tajikistan,Tajik people in Russia,Female,1
Tajikistan,Tajiks,Male,1
Tajikistan,Tajiks,Unknown,1
Tanzania,African Americans,Female,2
Tanzania,British Indians,Male,1
Tanzania,Chaga people,Male,3
Tanzania,Indians,Male,1
Tanzania,Pare people,Male,1
Tanzania,Parsi,Male,1
Tanzania,Yao people,Male,1
Thailand,Esan people,Female,2
Thailand,Esan people,Male,1
Thailand,Han Chinese people,Female,1
Thailand,Han Chinese people,Male,1
Thailand,Karen people,Female,1
Thailand,Karen people,Unknown,1
Thailand,Khorat Thai,Female,1
Thailand,Khorat Thai,Male,1
Thailand,Lao people,Female,1
Thailand,Lao people,Male,3
Thailand,Northern Thai people,Female,2
Thailand,Northern Thai people,Male,1
Thailand,Pashtuns,Male,2
Thailand,Southern Thai people,Female,1
Thailand,Southern Thai people,Male,5
Thailand,Thai Americans,Male,1
Thailand,Thai Americans,Unknown,1
Thailand,Thai Chinese,Female,17
Thailand,Thai Chinese,Male,31
Thailand,Thai Chinese,Unknown,1
Thailand,Thai Malays,Male,2
Thailand,Thai Malays,Unknown,2
Thailand,Thai people,Female,32
Thailand,Thai people,Male,27
Thailand,Thai people,Unknown,1
The Bahamas,African Americans,Female,1
The Bahamas,African Americans,Male,1
The Bahamas,Bahamians,Male,1
The Bahamas,Jamaicans,Male,1
The Gambia,Black people,Male,1
The Gambia,Dinka people,Male,1
The Gambia,Fulbe people,Male,2
Togo,Black people,Female,1
Togo,Black people,Male,1
Togo,Dinka people,Male,1
Togo,Ghanaians,Male,1
Togo,Guin,Male,1
Togo,Kabye people,Male,2
Togo,Kposo people,Male,1
Togo,Moba,Male,2
Tonga,Norwegian immigration to New Zealand,Male,1
Tonga,Tongan New Zealanders,Male,1
Tonga,Tongans,Male,1
Trinidad and Tobago,African Americans,Female,7
Trinidad and Tobago,African Americans,Male,2
Trinidad and Tobago,African Americans,Unknown,1
Trinidad and Tobago,Afro Caribbeans,Female,2
Trinidad and Tobago,Afro Caribbeans,Male,1
Trinidad and Tobago,Black people,Female,1
Trinidad and Tobago,Black people,Male,1
Trinidad and Tobago,Caribbean people,Female,1
Trinidad and Tobago,Caribbean people,Male,1
Trinidad and Tobago,Chinese Canadians,Male,1
Trinidad and Tobago,Indo Caribbeans,Female,1
Trinidad and Tobago,Trinidadian Canadians,Male,2
Trinidad and Tobago,West Indian Americans,Male,2
Trinidad and Tobago,white people,Female,1
Tunisia,African people,Female,1
Tunisia,France,Female,1
Tunisia,Jewish people,Male,2
Tunisia,Maghrebi Jews,Female,1
Tunisia,Sephardi Jews,Male,1
Tunisia,Tunisians,Female,1
Turkey,Armenians,Female,19
Turkey,Armenians,Male,183
Turkey,Armenians,Unknown,5
Turkey,Armenians in Istanbul,Male,3
Turkey,Assyrians,Male,3
Turkey,Crimean Tatars,Male,4
Turkey,Greeks,Female,4
Turkey,Greeks,Male,8
Turkey,Kurds,Female,12
Turkey,Kurds,Male,22
Turkey,Kurds,Unknown,14
Turkey,Laz people,Female,3
Turkey,Laz people,Male,7
Turkey,Roma in Turkey,Male,3
Turkey,Turkish Americans,Female,2
Turkey,Turkish Americans,Male,1
Turkey,Turks,Female,6
Turkey,Turks,Male,19
Turkey,Turks,Unknown,3
Turkey,Turks in Germany,Female,3
Turkey,Turks in Germany,Male,1
Turkey,Zaza people,Male,4
Turkey,Zaza people,Unknown,2
Turkmenistan,Armenians,Female,1
Turkmenistan,Armenians,Male,6
Turkmenistan,Armenians,Unknown,1
Turkmenistan,Kabarday,Male,1
Turkmenistan,Karakalpaks,Unknown,1
Turkmenistan,Turkmens,Male,2
Turkmenistan,Uzbekistanis,Female,1
Uganda,African people,Female,7
Uganda,Afro-Germans,Female,1
Uganda,Baganda,Male,1
Uganda,Bantu,Male,2
Uganda,Black people,Female,1
Uganda,Indian Americans,Male,1
Uganda,Jewish people,Female,1
Uganda,Muganda,Male,1
Uganda,Nkole people,Female,1
Uganda,Nkole people,Male,2
Uganda,Soga,Female,1
Uganda,Southern Luo,Male,1
Uganda,Ugandan Americans,Male,1
Ukraine,Armenians,Female,2
Ukraine,Armenians,Male,10
Ukraine,Crimean Tatars,Female,10
Ukraine,Crimean Tatars,Male,32
Ukraine,Crimean Tatars,Unknown,1
Ukraine,Czechs,Female,1
Ukraine,Czechs,Male,30
Ukraine,Gagauz,Female,1
Ukraine,Gagauz,Male,3
Ukraine,Jewish people,Female,12
Ukraine,Jewish people,Male,65
Ukraine,Poles,Female,1
Ukraine,Poles,Male,8
Ukraine,Romanians,Female,5
Ukraine,Romanians,Male,6
Ukraine,Russians,Female,7
Ukraine,Russians,Male,31
Ukraine,Rusyns,Female,2
Ukraine,Rusyns,Male,4
Ukraine,Ukrainian Americans,Female,4
Ukraine,Ukrainian Americans,Male,1
Ukraine,Ukrainian Jews,Female,2
Ukraine,Ukrainian Jews,Male,12
Ukraine,Ukrainians,Female,48
Ukraine,Ukrainians,Male,220
United Arab Emirates,Arab Canadians,Female,1
United Arab Emirates,Arabs,Female,1
United Arab Emirates,Arabs,Male,1
United Arab Emirates,Bulgarian Americans,Female,1
United Arab Emirates,Filipino Americans,Male,1
United Arab Emirates,Pakistani Americans,Male,1
United Kingdom,African Americans,Female,4
United Kingdom,African Americans,Male,7
United Kingdom,Black Britons,Female,11
United Kingdom,Black Britons,Male,10
United Kingdom,British,Female,13
United Kingdom,British,Male,99
United Kingdom,British,Unknown,1
United Kingdom,English people,Female,8
United Kingdom,English people,Male,47
United Kingdom,Han Chinese people,Female,4
United Kingdom,Han Chinese people,Male,8
United Kingdom,Irish people,Female,2
United Kingdom,Irish people,Male,8
United Kingdom,Jewish people,Female,5
United Kingdom,Jewish people,Male,14
United Kingdom,Scottish people,Female,2
United Kingdom,Scottish people,Male,21
United Kingdom,Scottish people,Unknown,1
United Kingdom,Welsh people,Female,4
United Kingdom,Welsh people,Male,3
United Kingdom,White British,Female,6
United Kingdom,White British,Male,3
United Kingdom,Yoruba people,Female,4
United Kingdom,Yoruba people,Male,4
United Kingdom,white people,Female,5
United Kingdom,white people,Male,3
United States,African Americans,Female,1603
United States,African Americans,Male,2430
United States,African Americans,Non-binary or other,20
United States,African Americans,Unknown,110
United States,American Jews,Female,20
United States,American Jews,Male,83
United States,Americans,Female,26
United States,Americans,Male,179
United States,Americans,Non-binary or other,2
United States,Americans,Unknown,1
United States,Black people,Female,32
United States,Black people,Male,30
United States,Black people,Unknown,12
United States,Cherokee,Female,40
United States,Cherokee,Male,44
United States,Irish Americans,Female,38
United States,Irish Americans,Male,52
United States,Irish Americans,Non-binary or other,1
United States,Irish Americans,Unknown,1
United States,Italian Americans,Female,39
United States,Italian Americans,Male,69
United States,Italian Americans,Non-binary or other,2
United States,Jewish people,Female,36
United States,Jewish people,Male,118
United States,Jewish people,Non-binary or other,4
United States,Mexican Americans,Female,35
United States,Mexican Americans,Male,60
United States,Mexican Americans,Unknown,2
United States,Navajo,Female,35
United States,Navajo,Male,67
United States,Navajo,Non-binary or other,1
United States,Navajo,Unknown,1
United States,White Americans,Female,165
United States,White Americans,Male,100
United States,White Americans,Non-binary or other,4
United States,White Americans,Unknown,1
United States,white people,Female,34
United States,white people,Male,51
United States,white people,Non-binary or other,4
United States Virgin Islands,African Americans,Male,2
Uruguay,Afro-Uruguayan,Female,32
Uruguay,Afro-Uruguayan,Male,51
Uruguay,American Jews,Male,1
Uruguay,Ashkenazi Jews,Male,1
Uruguay,Basque Uruguayans,Male,1
Uruguay,Croats in Uruguay,Male,1
Uruguay,Galicians,Male,4
Uruguay,Latino,Male,1
Uruguay,Uruguayan Americans,Female,1
Uruguay,Uruguayan Americans,Male,1
Uruguay,Uruguayans,Male,1
Uruguay,White Brazilians,Female,1
Uruguay,White Brazilians,Male,1
Uzbekistan,Armenians,Female,1
Uzbekistan,Armenians,Male,3
Uzbekistan,Bukharan Jews,Male,1
Uzbekistan,Crimean Tatars,Female,11
Uzbekistan,Crimean Tatars,Male,8
Uzbekistan,Greeks,Male,1
Uzbekistan,Jewish people,Female,2
Uzbekistan,Jewish people,Male,1
Uzbekistan,Karakalpaks,Female,2
Uzbekistan,Karakalpaks,Male,16
Uzbekistan,Karakalpaks,Unknown,30
Uzbekistan,Kazakhs,Unknown,1
Uzbekistan,Kazakhs in Uzbekistan,Female,1
Uzbekistan,Tatars,Female,2
Uzbekistan,Tatars,Male,3
Uzbekistan,Ukrainians,Female,3
Uzbekistan,Uzbekistanis,Female,1
Uzbekistan,Uzbekistanis,Male,3
Uzbekistan,Uzbekistanis,Unknown,1
Uzbekistan,Uzbeks,Male,1
Uzbekistan,Uzbeks,Unknown,2
Vanuatu,ni-Vanuatu,Female,1
Venezuela,Afro-Venezuelans,Female,1
Venezuela,Britons in Venezuela,Male,1
Venezuela,Canarian Americans,Female,1
Venezuela,Galicians,Female,2
Venezuela,Galicians,Male,7
Venezuela,Hispanic and Latino Americans,Female,1
Venezuela,Hispanics,Male,1
Venezuela,Italians,Female,1
Venezuela,Japanese people of Venezuelan descent,Male,1
Venezuela,Portuguese,Female,1
Venezuela,Portuguese Venezuelan,Female,1
Venezuela,Spaniards,Female,1
Venezuela,Wayuu people,Female,3
Venezuela,Wayuu people,Male,2
Vietnam,Afro-Asians,Female,1
Vietnam,Cho Ro people,Unknown,1
Vietnam,Gin people,Unknown,1
Vietnam,Hmong people,Unknown,1
Vietnam,Hoa people,Female,1
Vietnam,Hoa people,Male,3
Vietnam,Jarai people,Unknown,2
Vietnam,Mnong people,Male,1
Vietnam,Muong people,Female,1
Vietnam,Tay people,Female,2
Vietnam,Tay people,Unknown,3
Vietnam,Thái people,Female,1
Vietnam,Vietnamese Americans,Female,4
Vietnam,Vietnamese Americans,Male,9
Vietnam,Vietnamese people,Female,24
Vietnam,Vietnamese people,Male,34
Vietnam,Vietnamese people,Unknown,113
Western Sahara,Sahrawi people,Male,1
Yemen,Arab Canadians,Female,1
Yemen,Arabs,Male,1
Yemen,Yemenite Jews,Male,2
Yemen,Yemenite Jews in Israel,Male,2
Zambia,African people,Female,1
Zambia,Filipino Canadians,Female,1
Zimbabwe,African people,Female,3
Zimbabwe,African people,Male,1
Zimbabwe,Zezuru,Female,1
Zimbabwe,Zimbabwean American,Female,1
Zimbabwe,Zimbabwean New Zealanders,Female,1
