Country,Language,Count
Afghanistan,Persian,119
Afghanistan,Pashto,116
Afghanistan,English,87
Afghanistan,German,76
Afghanistan,Dari,37
Afghanistan,Urdu,21
Afghanistan,Arabic,20
Afghanistan,French,18
Afghanistan,Russian,10
Afghanistan,Hindi,7
Albania,Albanian,813
Albania,English,76
Albania,Italian,76
Albania,Modern Greek,56
Albania,French,38
Albania,German,24
Albania,Turkish,10
Albania,Greek,8
Albania,Serbian,8
Albania,Russian,6
Algeria,French,2614
Algeria,Arabic,2310
Algeria,English,260
Algeria,Kabyle,100
Algeria,Algerian Arabic,54
Algeria,Berber,43
Algeria,Italian,29
Algeria,German,27
Algeria,Spanish,27
Algeria,Hebrew,17
American Samoa,English,5
American Samoa,Samoan,3
Andorra,Catalan,50
Andorra,Spanish,26
Andorra,French,13
Andorra,English,12
Andorra,Portuguese,2
Andorra,Basque,1
Andorra,German,1
Andorra,Russian,1
Angola,Portuguese,891
Angola,English,39
Angola,French,26
Angola,Spanish,15
Angola,German,13
Angola,Angolan Portuguese,6
Angola,Umbundu,5
Angola,Swedish,4
Angola,Italian,3
Angola,British English,2
Anguilla,English,6
Antigua and Barbuda,English,17
Antigua and Barbuda,Antiguan and Barbudan Creole,1
Argentina,Spanish,14369
Argentina,English,604
Argentina,Italian,359
Argentina,French,249
Argentina,Argentine Spanish,144
Argentina,German,139
Argentina,Portuguese,106
Argentina,Hebrew,100
Argentina,Catalan,51
Argentina,Rioplatense Spanish,38
Armenia,Armenian,2072
Armenia,Russian,494
Armenia,English,157
Armenia,Azerbaijani,100
Armenia,French,53
Armenia,German,48
Armenia,Turkish,25
Armenia,Spanish,12
Armenia,Arabic,10
Armenia,Italian,8
Aruba,Dutch,30
Aruba,English,17
Aruba,Papiamento,16
Aruba,Spanish,6
Aruba,Estonian,2
Aruba,French,2
Aruba,German,1
Aruba,Italian,1
Aruba,Papiamento of Aruba,1
Aruba,Russian,1
Australia,English,16041
Australia,Australian English,146
Australia,German,82
Australia,French,81
Australia,Italian,46
Australia,Modern Greek,38
Australia,Japanese,29
Australia,Spanish,23
Australia,Turkish,18
Australia,Korean,17
Austria,German,23050
Austria,English,1515
Austria,French,239
Austria,Slovene,197
Austria,Austrian German,180
Austria,Hebrew,144
Austria,Italian,139
Austria,Czech,135
Austria,Spanish,79
Austria,Polish,66
Azerbaijan,Azerbaijani,1150
Azerbaijan,Russian,914
Azerbaijan,Armenian,499
Azerbaijan,English,158
Azerbaijan,Turkish,126
Azerbaijan,Persian,56
Azerbaijan,German,48
Azerbaijan,French,34
Azerbaijan,Arabic,27
Azerbaijan,Spanish,24
Bahrain,Arabic,147
Bahrain,English,42
Bahrain,Bahraini Gulf Arabic,3
Bahrain,French,2
Bahrain,Gulf Arabic,2
Bahrain,Malayalam,2
Bahrain,Persian,2
Bahrain,Czech,1
Bahrain,Egyptian Arabic,1
Bahrain,Hindi,1
Bangladesh,Bengali,1825
Bangladesh,English,290
Bangladesh,Urdu,39
Bangladesh,Hindi,16
Bangladesh,Arabic,15
Bangladesh,Sylheti,7
Bangladesh,German,6
Bangladesh,French,3
Bangladesh,American English,2
Bangladesh,Bangli,2
Barbados,English,60
Barbados,Bajan Creole,1
Barbados,German,1
Belarus,Belarusian,2038
Belarus,Russian,1995
Belarus,Polish,704
Belarus,English,262
Belarus,Hebrew,168
Belarus,German,94
Belarus,French,82
Belarus,Ukrainian,78
Belarus,Yiddish,73
Belarus,Estonian,31
Belgium,French,3443
Belgium,Dutch,2480
Belgium,English,976
Belgium,German,362
Belgium,Flemish Dutch,124
Belgium,Italian,113
Belgium,Spanish,102
Belgium,Walloon,102
Belgium,Turkish,71
Belgium,West Flemish,53
Belize,English,37
Belize,Spanish,6
Belize,Belizean Creole,4
Belize,Garifuna,1
Belize,German,1
Belize,Low German,1
Belize,Mayan,1
Benin,French,413
Benin,Fon,45
Benin,English,29
Benin,Yoruba,16
Benin,Gun,11
Benin,Gen,7
Benin,Spanish,7
Benin,German,6
Benin,Dendi,4
Benin,Nigerian Pidgin,4
Bermuda,English,98
Bhutan,Dzongkha,6
Bhutan,English,6
Bhutan,Hindi,3
Bhutan,Tibetan,2
Bolivia,Spanish,1270
Bolivia,English,48
Bolivia,Aymara,25
Bolivia,Bolivian Spanish,21
Bolivia,Quechua,20
Bolivia,French,16
Bolivia,German,13
Bolivia,Portuguese,12
Bolivia,Italian,7
Bolivia,Andean Spanish,6
Bosnia and Herzegovina,Serbian,613
Bosnia and Herzegovina,Croatian,591
Bosnia and Herzegovina,Bosnian,430
Bosnia and Herzegovina,German,178
Bosnia and Herzegovina,English,160
Bosnia and Herzegovina,Slovene,90
Bosnia and Herzegovina,Serbo-Croatian,58
Bosnia and Herzegovina,French,52
Bosnia and Herzegovina,Italian,31
Bosnia and Herzegovina,Czech,21
Botswana,English,256
Botswana,Tswana,225
Botswana,Kalanga,11
Botswana,French,5
Botswana,German,2
Botswana,Khoisan,1
Botswana,Latin,1
Botswana,Naro,1
Botswana,Ndebele,1
Botswana,Sesotho,1
Brazil,Portuguese,37413
Brazil,Brazilian Portuguese,3382
Brazil,English,877
Brazil,Spanish,467
Brazil,Italian,351
Brazil,French,276
Brazil,German,216
Brazil,Japanese,49
Brazil,Esperanto,32
Brazil,Korean,32
British Virgin Islands,English,1
Brunei,Malay,13
Brunei,English,11
Brunei,Chinese,2
Brunei,Indonesian,2
Brunei,German,1
Brunei,Southern Min,1
Brunei,Standard Chinese,1
Brunei,Yue Chinese,1
Bulgaria,Bulgarian,6763
Bulgaria,English,1332
Bulgaria,Russian,1204
Bulgaria,German,535
Bulgaria,French,433
Bulgaria,Turkish,246
Bulgaria,Hebrew,96
Bulgaria,Italian,96
Bulgaria,Spanish,87
Bulgaria,Polish,45
Burkina Faso,French,458
Burkina Faso,Mooré,33
Burkina Faso,English,21
Burkina Faso,Dioula,14
Burkina Faso,Dagaare,3
Burkina Faso,Fula,3
Burkina Faso,German,3
Burkina Faso,Kasem,3
Burkina Faso,Gurunsi,2
Burkina Faso,Afroasiatic,1
Burundi,French,75
Burundi,Kirundi,57
Burundi,English,54
Burundi,Swahili,34
Burundi,Kinyarwanda,6
Burundi,Kiswahili,2
Burundi,Lingala,2
Burundi,Swedish,2
Burundi,Belgian French,1
Burundi,Esperanto,1
Cambodia,Khmer,79
Cambodia,French,64
Cambodia,Vietnamese,62
Cambodia,English,36
Cambodia,Russian,14
Cambodia,Thai,4
Cambodia,Italian,3
Cambodia,Chinese,2
Cambodia,Spanish,2
Cambodia,Standard Chinese,2
Cameroon,French,803
Cameroon,English,209
Cameroon,German,46
Cameroon,Spanish,23
Cameroon,Italian,11
Cameroon,Cameroonian French,10
Cameroon,Duala,10
Cameroon,Cameroon Pidgin,7
Cameroon,Fula,6
Cameroon,Igbo,6
Canada,English,15084
Canada,French,3131
Canada,Canadian French,499
Canada,German,307
Canada,Canadian English,156
Canada,Spanish,122
Canada,Italian,121
Canada,Polish,46
Canada,Hebrew,43
Canada,Japanese,41
Cape Verde,Portuguese,134
Cape Verde,Cape Verdean Creole,20
Cape Verde,English,10
Cape Verde,French,10
Cape Verde,Spanish,8
Cape Verde,Dutch,3
Cape Verde,Modern Greek,3
Cape Verde,Italian,2
Cape Verde,Cape Verdean Portuguese,1
Cape Verde,German,1
Cayman Islands,English,32
Central African Republic,French,174
Central African Republic,Sango,136
Central African Republic,English,5
Central African Republic,Arabic,2
Central African Republic,German,1
Central African Republic,Ilocano,1
Central African Republic,Kongo,1
Central African Republic,Lingala,1
Central African Republic,Nigerian Pidgin,1
Central African Republic,Portuguese,1
Chad,French,216
Chad,Arabic,167
Chad,Sango,4
Chad,English,2
Chad,Ngambay,2
Chad,German,1
Chad,Hausa,1
Chad,Portuguese,1
Chad,Q118611112,1
Chad,Russian,1
Chile,Spanish,9039
Chile,English,312
Chile,German,109
Chile,French,96
Chile,Italian,46
Chile,Chilean Spanish,28
Chile,Portuguese,21
Chile,Mapudungun,20
Chile,Swedish,17
Chile,Catalan,10
Colombia,Spanish,7398
Colombia,English,303
Colombia,French,78
Colombia,German,47
Colombia,Colombian Spanish,44
Colombia,Italian,36
Colombia,Portuguese,26
Colombia,Paisa dialect,8
Colombia,Swedish,8
Colombia,Catalan,7
Comoros,French,30
Cook Islands,English,15
Costa Rica,Spanish,412
Costa Rica,English,40
Costa Rica,French,7
Costa Rica,German,6
Costa Rica,Portuguese,6
Costa Rica,Italian,5
Costa Rica,Costa Rican Spanish,4
Costa Rica,Mexican Spanish,2
Costa Rica,Brazilian Portuguese,1
Costa Rica,Bribri,1
Croatia,Croatian,5460
Croatia,Italian,515
Croatia,Serbian,387
Croatia,English,375
Croatia,German,284
Croatia,Slovene,255
Croatia,French,110
Croatia,Serbo-Croatian,70
Croatia,Hungarian,48
Croatia,Russian,44
Cuba,Spanish,1300
Cuba,English,315
Cuba,French,43
Cuba,Cuban Spanish,40
Cuba,Italian,33
Cuba,Esperanto,32
Cuba,German,24
Cuba,Portuguese,16
Cuba,Galician,15
Cuba,Catalan,12
Curaçao,Dutch,47
Curaçao,Papiamento,12
Curaçao,English,6
Curaçao,German,1
Curaçao,Sranan Tongo,1
Cyprus,Modern Greek,728
Cyprus,English,461
Cyprus,Greek,150
Cyprus,Turkish,138
Cyprus,French,67
Cyprus,German,26
Cyprus,Italian,17
Cyprus,Russian,13
Cyprus,Cypriot Greek,11
Cyprus,Ancient Greek,10
Czech Republic,Czech,42444
Czech Republic,German,4275
Czech Republic,English,3496
Czech Republic,French,527
Czech Republic,Slovak,414
Czech Republic,Russian,391
Czech Republic,Polish,305
Czech Republic,Latin,197
Czech Republic,Spanish,152
Czech Republic,Esperanto,151
Democratic Republic of the Congo,French,618
Democratic Republic of the Congo,English,132
Democratic Republic of the Congo,Lingala,105
Democratic Republic of the Congo,Swahili,59
Democratic Republic of the Congo,German,30
Democratic Republic of the Congo,Portuguese,20
Democratic Republic of the Congo,Dutch,15
Democratic Republic of the Congo,Kongo,11
Democratic Republic of the Congo,Italian,10
Democratic Republic of the Congo,Spanish,9
Denmark,Danish,6372
Denmark,English,548
Denmark,German,212
Denmark,French,69
Denmark,Swedish,45
Denmark,Norwegian,37
Denmark,Spanish,27
Denmark,Italian,18
Denmark,Esperanto,14
Denmark,Faroese,12
Djibouti,French,21
Djibouti,English,3
Djibouti,Afar,2
Djibouti,Arabic,2
Djibouti,Somali,1
Djibouti,Swahili,1
Dominica,English,15
Dominica,French,2
Dominica,Italian,1
Dominica,Latin,1
Dominica,Polish,1
Dominican Republic,Spanish,284
Dominican Republic,English,102
Dominican Republic,Dominican Spanish,17
Dominican Republic,Italian,16
Dominican Republic,French,10
Dominican Republic,German,7
Dominican Republic,Dutch,4
Dominican Republic,Iberian Spanish,3
Dominican Republic,Austrian German,2
Dominican Republic,Japanese,2
Ecuador,Spanish,1131
Ecuador,English,61
Ecuador,Latin,25
Ecuador,French,17
Ecuador,Quechua,16
Ecuador,Italian,15
Ecuador,German,12
Ecuador,Northern Quichua,7
Ecuador,Ecuadorian Spanish,6
Ecuador,American English,5
Egypt,Arabic,5065
Egypt,Egyptian Arabic,2108
Egypt,English,1059
Egypt,French,401
Egypt,Modern Greek,132
Egypt,Italian,112
Egypt,German,85
Egypt,Hebrew,77
Egypt,Coptic,45
Egypt,Spanish,38
El Salvador,Spanish,571
El Salvador,English,34
El Salvador,Salvadoran Spanish,14
El Salvador,French,13
El Salvador,German,5
El Salvador,Nawat,3
El Salvador,American English,2
El Salvador,Portuguese,2
El Salvador,American Sign Language,1
El Salvador,Brazilian Portuguese,1
Equatorial Guinea,Spanish,102
Equatorial Guinea,Equatoguinean Spanish,83
Equatorial Guinea,Fang,17
Equatorial Guinea,French,11
Equatorial Guinea,English,5
Equatorial Guinea,Pichinglis,5
Equatorial Guinea,German,4
Equatorial Guinea,Annobonese Creole,3
Equatorial Guinea,Catalan,3
Equatorial Guinea,Canarian Spanish,2
Eritrea,Italian,56
Eritrea,German,19
Eritrea,English,14
Eritrea,Tigrinya,11
Eritrea,French,5
Eritrea,Q28244,5
Eritrea,Arabic,3
Eritrea,Hebrew,3
Eritrea,Swedish,3
Eritrea,Norwegian,2
Estonia,Estonian,21025
Estonia,English,1010
Estonia,Russian,765
Estonia,German,451
Estonia,Swedish,434
Estonia,Finnish,306
Estonia,French,73
Estonia,Latvian,22
Estonia,Polish,19
Estonia,Spanish,18
Eswatini,English,20
Eswatini,German,2
Eswatini,Swazi,2
Eswatini,French,1
Eswatini,Tswana,1
Ethiopia,Q28244,110
Ethiopia,English,84
Ethiopia,Hebrew,55
Ethiopia,Italian,31
Ethiopia,German,25
Ethiopia,Arabic,11
Ethiopia,French,10
Ethiopia,Modern Hebrew,8
Ethiopia,Tigrinya,7
Ethiopia,Dutch,6
Falkland Islands,English,19
Falkland Islands,Spanish,2
Faroe Islands,Danish,74
Faroe Islands,Faroese,47
Faroe Islands,English,9
Faroe Islands,Norwegian,7
Faroe Islands,German,2
Faroe Islands,Icelandic,2
Faroe Islands,Czech,1
Federated States of Micronesia,English,2
Federated States of Micronesia,Indonesian,1
Federated States of Micronesia,Kosraean,1
Fiji,English,137
Fiji,Fijian,29
Fiji,French,4
Fiji,Chinese,2
Fiji,Italian,2
Fiji,Japanese,2
Fiji,Tai Nüa,2
Fiji,Rotuman,1
Finland,Finnish,11054
Finland,English,652
Finland,Swedish,567
Finland,German,172
Finland,French,73
Finland,Russian,63
Finland,Estonian,56
Finland,Northern Sami,36
Finland,Spanish,25
Finland,Italian,23
France,French,98131
France,English,3236
France,German,1155
France,Spanish,822
France,Occitan,644
France,Italian,511
France,Arabic,416
France,Basque,346
France,Breton,236
France,Russian,199
Gabon,French,321
Gabon,English,8
Gabon,Spanish,6
Gabon,Arabic,2
Gabon,Igbo,2
Gabon,Nigerian Pidgin,2
Gabon,Dutch,1
Gabon,Fang,1
Gabon,Fang people,1
Gabon,Hausa,1
Georgia,Georgian,1163
Georgia,Russian,1006
Georgia,Armenian,199
Georgia,English,164
Georgia,German,63
Georgia,French,60
Georgia,Azerbaijani,49
Georgia,Ossetian,42
Georgia,Ukrainian,37
Georgia,Modern Greek,33
Germany,German,217189
Germany,English,10451
Germany,Latin,3599
Germany,French,2023
Germany,Turkish,950
Germany,Spanish,781
Germany,Italian,663
Germany,Russian,525
Germany,Swedish,487
Germany,Hebrew,407
Ghana,English,3021
Ghana,Twi,204
Ghana,Dagbanli,75
Ghana,Fante,56
Ghana,Asante,53
Ghana,Ewe,48
Ghana,Akan,46
Ghana,German,43
Ghana,Ga,41
Ghana,French,39
Greece,Modern Greek,11516
Greece,English,1226
Greece,Greek,607
Greece,French,540
Greece,German,358
Greece,Ancient Greek,310
Greece,Italian,186
Greece,Turkish,149
Greece,Bulgarian,109
Greece,Spanish,74
Greenland,Danish,62
Greenland,Greenlandic,21
Greenland,English,5
Greenland,German,2
Greenland,Faroese,1
Greenland,French,1
Greenland,Inuit,1
Greenland,South Jutlandic,1
Greenland,Spanish,1
Greenland,Tunumiisut,1
Grenada,English,27
Grenada,Hungarian,1
Guatemala,Spanish,239
Guatemala,English,44
Guatemala,German,13
Guatemala,French,12
Guatemala,Q’eqchi’,6
Guatemala,Kaqchikel,4
Guatemala,K’iche’,4
Guatemala,Guatemalan Spanish,2
Guatemala,Hebrew,2
Guatemala,Italian,2
Guernsey,English,35
Guernsey,French,16
Guernsey,Ancient Greek,1
Guernsey,German,1
Guernsey,Italian,1
Guernsey,Spanish,1
Guinea,French,554
Guinea,English,44
Guinea,Susu,35
Guinea,Fula,31
Guinea,Maninka,17
Guinea,Arabic,6
Guinea,Guianan Creole,6
Guinea,Mandinka,6
Guinea,Spanish,6
Guinea,German,5
Guinea-Bissau,Portuguese,238
Guinea-Bissau,French,11
Guinea-Bissau,Guinea-Bissau Creole,8
Guinea-Bissau,English,7
Guinea-Bissau,Spanish,3
Guinea-Bissau,German,2
Guinea-Bissau,Arabic,1
Guinea-Bissau,Bambara,1
Guinea-Bissau,Catalan,1
Guinea-Bissau,Fula,1
Guyana,English,96
Guyana,French,4
Guyana,Guyanese Creole,2
Guyana,Spanish,2
Guyana,Arawak,1
Guyana,Arawakan,1
Guyana,Dutch,1
Guyana,German,1
Guyana,Italian,1
Guyana,Portuguese,1
Haiti,French,314
Haiti,Haitian Creole,143
Haiti,English,122
Haiti,Spanish,22
Haiti,German,7
Haiti,Canadian French,6
Haiti,creole,5
Haiti,American English,3
Haiti,French-based creole languages,3
Haiti,Portuguese,3
Honduras,Spanish,88
Honduras,English,25
Honduras,Honduran Spanish,9
Honduras,Catalan,3
Honduras,French,3
Honduras,American English,1
Honduras,Garifuna,1
Honduras,Norwegian,1
Honduras,Spanish Sign Language,1
Hong Kong,Cantonese,1
Hong Kong,English,1
Hong Kong,Japanese,1
Hong Kong,Mandarin,1
Hungary,Hungarian,11684
Hungary,English,2479
Hungary,German,1628
Hungary,French,768
Hungary,Russian,605
Hungary,Italian,282
Hungary,Spanish,183
Hungary,Latin,146
Hungary,Hebrew,123
Hungary,Esperanto,109
Iceland,Icelandic,1085
Iceland,English,102
Iceland,German,16
Iceland,Danish,11
Iceland,Swedish,9
Iceland,Norwegian,8
Iceland,French,7
Iceland,Estonian,4
Iceland,Russian,3
Iceland,Spanish,3
India,English,3521
India,Hindi,2854
India,Malayalam,1478
India,Tamil,1155
India,Odia,881
India,Telugu,881
India,Bengali,759
India,Urdu,703
India,Gujarati,443
India,Marathi,307
Indonesia,Indonesian,13018
Indonesia,English,326
Indonesia,Dutch,254
Indonesia,Javanese,76
Indonesia,German,70
Indonesia,Malay,58
Indonesia,Minangkabau,32
Indonesia,French,28
Indonesia,Chinese,23
Indonesia,Sundanese,23
Iran,Persian,5653
Iran,English,744
Iran,German,300
Iran,French,209
Iran,Arabic,194
Iran,Azerbaijani,140
Iran,Armenian,80
Iran,Kurdish,75
Iran,Swedish,59
Iran,Mazanderani,49
Iraq,Arabic,1919
Iraq,English,463
Iraq,Kurdish,141
Iraq,Hebrew,136
Iraq,Persian,77
Iraq,French,68
Iraq,German,68
Iraq,Turkish,40
Iraq,Swedish,21
Iraq,Russian,19
Ireland,English,1881
Ireland,Irish,527
Ireland,French,34
Ireland,German,33
Ireland,Spanish,20
Ireland,Italian,19
Ireland,Hiberno-English,15
Ireland,Latin,13
Ireland,British English,8
Ireland,Dutch,5
Isle of Man,English,108
Isle of Man,Manx,9
Isle of Man,German,1
Isle of Man,Hindi,1
Isle of Man,Irish,1
Isle of Man,Tamil,1
Isle of Man,Telugu,1
Israel,Hebrew,8872
Israel,English,1675
Israel,Arabic,1021
Israel,Modern Hebrew,255
Israel,French,227
Israel,German,218
Israel,Palestinian Arabic,79
Israel,Russian,74
Israel,Yiddish,66
Israel,Spanish,54
Italy,Italian,89644
Italy,English,6639
Italy,German,2086
Italy,French,1755
Italy,Spanish,749
Italy,Slovene,662
Italy,Latin,426
Italy,Portuguese,231
Italy,Russian,126
Italy,Ancient Greek,101
Ivory Coast,French,1378
Ivory Coast,English,61
Ivory Coast,Dioula,10
Ivory Coast,German,10
Ivory Coast,Mooré,10
Ivory Coast,Italian,6
Ivory Coast,Spanish,6
Ivory Coast,Bambara,4
Ivory Coast,Arabic,3
Ivory Coast,American English,2
Jamaica,English,800
Jamaica,German,12
Jamaica,Jamaican Patois,10
Jamaica,Spanish,5
Jamaica,Czech,2
Jamaica,Hebrew,2
Jamaica,Jamaican English,2
Jamaica,Japanese,2
Jamaica,Turkish,2
Jamaica,Arabic,1
Japan,Japanese,92406
Japan,English,1480
Japan,Korean,273
Japan,French,185
Japan,German,167
Japan,Chinese,64
Japan,Spanish,57
Japan,Russian,39
Japan,Italian,36
Japan,Portuguese,31
Jordan,Arabic,346
Jordan,English,138
Jordan,German,15
Jordan,Hebrew,14
Jordan,French,11
Jordan,Italian,6
Jordan,Jordanian Arabic,5
Jordan,Russian,4
Jordan,Spanish,4
Jordan,Ancient Greek,3
Kazakhstan,Russian,1178
Kazakhstan,Kazakh,295
Kazakhstan,German,170
Kazakhstan,English,94
Kazakhstan,Ukrainian,39
Kazakhstan,Estonian,35
Kazakhstan,Polish,15
Kazakhstan,French,14
Kazakhstan,Modern Greek,13
Kazakhstan,Lithuanian,12
Kenya,English,1504
Kenya,Swahili,165
Kenya,German,21
Kenya,Gikuyu,20
Kenya,Kiswahili,19
Kenya,French,18
Kenya,Dholuo,10
Kenya,Kamba,10
Kenya,Arabic,9
Kenya,Italian,6
Kingdom of the Netherlands,Dutch,156
Kingdom of the Netherlands,English,98
Kingdom of the Netherlands,Indonesian,61
Kingdom of the Netherlands,Papiamento,21
Kingdom of the Netherlands,German,14
Kingdom of the Netherlands,French,7
Kingdom of the Netherlands,Hebrew,5
Kingdom of the Netherlands,Japanese,5
Kingdom of the Netherlands,Esperanto,4
Kingdom of the Netherlands,Spanish,4
Kiribati,English,5
Kiribati,Gilbertese,5
Kiribati,Italian,1
Kosovo,Albanian,227
Kosovo,Serbian,212
Kosovo,German,62
Kosovo,English,55
Kosovo,Turkish,25
Kosovo,Croatian,19
Kosovo,Finnish,13
Kosovo,French,9
Kosovo,Italian,8
Kosovo,Serbo-Croatian,7
Kuwait,Arabic,289
Kuwait,English,80
Kuwait,Egyptian Arabic,8
Kuwait,French,8
Kuwait,German,5
Kuwait,Kuwaiti Arabic,5
Kuwait,Hebrew,2
Kuwait,Hindi,2
Kuwait,Persian,2
Kuwait,Urdu,2
Kyrgyzstan,Russian,288
Kyrgyzstan,Kyrgyz,183
Kyrgyzstan,German,33
Kyrgyzstan,English,32
Kyrgyzstan,Uzbek,9
Kyrgyzstan,Ukrainian,8
Kyrgyzstan,French,6
Kyrgyzstan,Turkish,6
Kyrgyzstan,Arabic,5
Kyrgyzstan,Hebrew,4
Laos,Vietnamese,67
Laos,French,28
Laos,English,16
Laos,Lao,14
Laos,Russian,12
Laos,German,2
Laos,Khmer,2
Laos,Latin,2
Laos,Spanish,2
Laos,Thai,2
Latvia,Latvian,4059
Latvia,Russian,486
Latvia,German,277
Latvia,English,269
Latvia,Estonian,132
Latvia,Hebrew,59
Latvia,Polish,55
Latvia,Lithuanian,42
Latvia,French,39
Latvia,Swedish,19
Lebanon,Arabic,988
Lebanon,French,488
Lebanon,English,463
Lebanon,German,72
Lebanon,Armenian,58
Lebanon,Spanish,41
Lebanon,Italian,32
Lebanon,Portuguese,25
Lebanon,Lebanese Arabic,18
Lebanon,Hebrew,14
Lesotho,English,114
Lesotho,Sesotho,99
Lesotho,German,2
Lesotho,British English,1
Lesotho,French,1
Lesotho,Italian,1
Lesotho,Sango,1
Liberia,English,282
Liberia,French,12
Liberia,German,7
Liberia,Dutch,3
Liberia,Swedish,3
Liberia,Arabic,2
Liberia,Nigerian Pidgin,2
Liberia,Fula,1
Liberia,Grebo,1
Liberia,Italian,1
Libya,Arabic,172
Libya,Italian,105
Libya,English,49
Libya,French,17
Libya,Hebrew,11
Libya,German,6
Libya,Egyptian Arabic,5
Libya,Turkish,5
Libya,Ancient Greek,4
Libya,Bulgarian,2
Liechtenstein,German,39
Liechtenstein,Standard High German,16
Liechtenstein,Liechtensteinisch,12
Liechtenstein,Swiss German,7
Liechtenstein,English,6
Liechtenstein,French,4
Liechtenstein,Alemannic,1
Liechtenstein,Danish,1
Liechtenstein,Portuguese,1
Liechtenstein,Turkish,1
Lithuania,Lithuanian,5077
Lithuania,Polish,715
Lithuania,Russian,288
Lithuania,English,259
Lithuania,German,177
Lithuania,Hebrew,145
Lithuania,French,69
Lithuania,Yiddish,51
Lithuania,Esperanto,34
Lithuania,Latvian,28
Luxembourg,French,241
Luxembourg,German,210
Luxembourg,Luxembourgish,176
Luxembourg,English,98
Luxembourg,Italian,28
Luxembourg,Spanish,11
Luxembourg,Portuguese,10
Luxembourg,Dutch,6
Luxembourg,Danish,3
Luxembourg,Hindi,3
Madagascar,French,216
Madagascar,Malagasy,107
Madagascar,English,23
Madagascar,German,5
Madagascar,Spanish,4
Madagascar,Indonesian,2
Madagascar,Italian,2
Madagascar,Norwegian,2
Madagascar,Arabic,1
Madagascar,Bantu,1
Malawi,English,47
Malawi,Chewa,7
Malawi,British English,1
Malawi,English Heritage,1
Malawi,French,1
Malawi,Italian,1
Malawi,Norwegian,1
Malawi,Spanish,1
Malawi,Tumbuka,1
Malaysia,Malay,1181
Malaysia,English,288
Malaysia,Chinese,48
Malaysia,Malaysian Malay,44
Malaysia,Indonesian,32
Malaysia,Malaysian Mandarin,15
Malaysia,Mandarin,15
Malaysia,Japanese,13
Malaysia,Tamil,13
Malaysia,Arabic,11
Maldives,Maldivian,27
Maldives,English,13
Maldives,Arabic,2
Maldives,Sinhala,2
Maldives,Urdu,2
Maldives,French,1
Maldives,Hindi,1
Mali,French,717
Mali,Bambara,22
Mali,English,19
Mali,Arabic,4
Mali,Fula,4
Mali,German,4
Mali,Italian,3
Mali,Spanish,3
Mali,Dioula,2
Mali,Manding,2
Malta,Maltese,232
Malta,English,199
Malta,Italian,45
Malta,French,13
Malta,Latin,4
Malta,Arabic,3
Malta,Esperanto,3
Malta,Spanish,3
Malta,Portuguese,2
Malta,Ancient Greek,1
Marshall Islands,English,1
Mauritania,Arabic,152
Mauritania,French,38
Mauritania,English,8
Mauritania,Spanish,3
Mauritania,German,2
Mauritania,Hassaniya Arabic,2
Mauritania,Arabic script,1
Mauritania,Berber,1
Mauritania,Fula,1
Mauritania,Italian,1
Mauritius,French,82
Mauritius,English,37
Mauritius,Mauritian Creole,6
Mauritius,German,2
Mauritius,Arabic,1
Mauritius,Estonian,1
Mauritius,French-based creole languages,1
Mauritius,Hindi,1
Mauritius,Indonesian,1
Mauritius,Tamil,1
Mexico,Spanish,10944
Mexico,English,721
Mexico,Mexican Spanish,256
Mexico,French,103
Mexico,German,56
Mexico,Italian,53
Mexico,Portuguese,25
Mexico,American English,17
Mexico,Japanese,17
Mexico,Catalan,16
Moldova,Romanian,642
Moldova,Russian,502
Moldova,English,114
Moldova,French,79
Moldova,Hebrew,73
Moldova,Yiddish,65
Moldova,Moldovan,46
Moldova,Ukrainian,38
Moldova,German,34
Moldova,Italian,17
Monaco,French,130
Monaco,English,24
Monaco,Italian,15
Monaco,German,13
Monaco,Monégasque,3
Monaco,Spanish,2
Monaco,Chinese,1
Monaco,Dutch,1
Monaco,Japanese,1
Monaco,Romanian,1
Mongolia,Mongolian,388
Mongolia,Russian,41
Mongolia,English,25
Mongolia,German,6
Mongolia,Japanese,6
Mongolia,Kazakh,5
Mongolia,Czech,4
Mongolia,Chinese,3
Mongolia,Polish,3
Mongolia,Belarusian,2
Montenegro,Serbian,268
Montenegro,Croatian,54
Montenegro,Montenegrin,52
Montenegro,English,38
Montenegro,German,21
Montenegro,Albanian,15
Montenegro,Slovene,15
Montenegro,French,12
Montenegro,Russian,12
Montenegro,Bosnian,9
Montserrat,English,9
Morocco,Arabic,2763
Morocco,Berber,1703
Morocco,French,1580
Morocco,English,351
Morocco,Spanish,278
Morocco,Moroccan Arabic,238
Morocco,Hebrew,193
Morocco,German,59
Morocco,Italian,45
Morocco,Tashelhit,38
Mozambique,Portuguese,420
Mozambique,English,101
Mozambique,Tsonga,32
Mozambique,French,31
Mozambique,Spanish,24
Mozambique,Ronga,23
Mozambique,Makhuwa,22
Mozambique,Chibarwe,13
Mozambique,Chopi,9
Mozambique,German,9
Myanmar,Burmese,120
Myanmar,English,94
Myanmar,Bengali,7
Myanmar,Hindi,4
Myanmar,Old Burmese,4
Myanmar,Hakha–Chin,3
Myanmar,Japanese,3
Myanmar,Malayalam,3
Myanmar,Pa'O,3
Myanmar,Tamil,3
Namibia,English,96
Namibia,German,54
Namibia,Afrikaans,12
Namibia,Namlish,5
Namibia,Herero,3
Namibia,Kwanyama,3
Namibia,Tswana,3
Namibia,French,2
Namibia,Latin,2
Namibia,Ancient Greek,1
Nauru,Nauruan,3
Nauru,English,2
Nauru,Gilbertese,1
Nepal,Nepali,428
Nepal,English,108
Nepal,Hindi,59
Nepal,Newar,20
Nepal,Maithili,10
Nepal,Bhojpuri,4
Nepal,Russian,3
Nepal,Sanskrit,3
Nepal,Awadhi,2
Nepal,Chinese,2
New Zealand,English,2826
New Zealand,New Zealand English,162
New Zealand,Māori,53
New Zealand,French,23
New Zealand,German,17
New Zealand,Italian,14
New Zealand,Japanese,13
New Zealand,Spanish,8
New Zealand,Korean,5
New Zealand,Dutch,4
Nicaragua,Spanish,128
Nicaragua,English,25
Nicaragua,French,5
Nicaragua,Nicaraguan Spanish,3
Nicaragua,German,2
Nicaragua,Central American Spanish,1
Nicaragua,Japanese,1
Nicaragua,Miskito,1
Nicaragua,Moskitian Creole,1
Nicaragua,Portuguese,1
Niger,French,366
Niger,English,19
Niger,Hausa,11
Niger,Nigerian Pidgin,9
Niger,Bambara,3
Niger,Fula,3
Niger,Zarma,3
Niger,Kanuri,2
Niger,Q118611112,2
Niger,African French,1
Nigeria,English,5601
Nigeria,Nigerian Pidgin,2912
Nigeria,Yoruba,1597
Nigeria,Hausa,1065
Nigeria,Igbo,791
Nigeria,Arabic,120
Nigeria,Fula,108
Nigeria,French,85
Nigeria,Edo,50
Nigeria,German,46
Niue,English,3
North Korea,Korean,938
North Korea,Japanese,32
North Korea,English,25
North Korea,Chinese,9
North Korea,Russian,4
North Korea,Esperanto,2
North Korea,French,2
North Korea,Spanish,2
North Korea,Belarusian,1
North Korea,German,1
North Macedonia,Macedonian,547
North Macedonia,Bulgarian,119
North Macedonia,Serbian,101
North Macedonia,English,85
North Macedonia,Turkish,75
North Macedonia,Albanian,55
North Macedonia,German,37
North Macedonia,Croatian,34
North Macedonia,French,21
North Macedonia,Slovene,21
Northern Cyprus,Modern Greek,76
Northern Cyprus,English,47
Northern Cyprus,Turkish,27
Northern Cyprus,Greek,14
Northern Cyprus,French,5
Northern Cyprus,Ancient Greek,3
Northern Cyprus,German,3
Northern Cyprus,Italian,3
Northern Cyprus,Czech,1
Northern Cyprus,Hungarian,1
Norway,Norwegian,7643
Norway,English,742
Norway,German,96
Norway,Nynorsk,74
Norway,Swedish,56
Norway,Bokmål,54
Norway,Northern Sami,46
Norway,French,33
Norway,Danish,32
Norway,Spanish,19
Oman,Arabic,46
Oman,English,14
Oman,French,3
Oman,Omani Arabic,2
Oman,Spanish,2
Oman,Chinese,1
Oman,Egyptian Arabic,1
Oman,German,1
Oman,Japanese,1
Oman,Norwegian,1
Pakistan,Urdu,1280
Pakistan,English,636
Pakistan,Sindhi,194
Pakistan,Punjabi,159
Pakistan,Hindi,99
Pakistan,Pashto,77
Pakistan,Persian,48
Pakistan,Arabic,46
Pakistan,Saraiki,24
Pakistan,German,19
Palau,English,4
Palau,German,1
Palau,Palauan,1
Palestine,Arabic,1563
Palestine,Hebrew,1333
Palestine,English,937
Palestine,French,79
Palestine,German,66
Palestine,Spanish,22
Palestine,Yiddish,16
Palestine,Modern Hebrew,12
Palestine,Russian,11
Palestine,Turkish,11
Panama,Spanish,549
Panama,English,84
Panama,Panamanian Spanish,12
Panama,French,10
Panama,Italian,6
Panama,Latin,3
Panama,Portuguese,3
Panama,American English,2
Panama,Catalan,2
Panama,German,2
Papua New Guinea,English,130
Papua New Guinea,German,10
Papua New Guinea,French,2
Papua New Guinea,Japanese,1
Papua New Guinea,New Zealand English,1
Papua New Guinea,Tok Pisin,1
Papua New Guinea,vernacular,1
Paraguay,Spanish,276
Paraguay,Guarani,24
Paraguay,English,17
Paraguay,German,15
Paraguay,Portuguese,9
Paraguay,Paraguayan Spanish,5
Paraguay,Italian,4
Paraguay,Brazilian Portuguese,3
Paraguay,French,2
Paraguay,Argentine Spanish,1
People's Republic of China,Chinese,5526
People's Republic of China,English,1387
People's Republic of China,Standard Chinese,340
People's Republic of China,Japanese,307
People's Republic of China,Mandarin,177
People's Republic of China,French,173
People's Republic of China,German,165
People's Republic of China,Classical Chinese,155
People's Republic of China,Old Mandarin,151
People's Republic of China,Russian,115
Peru,Spanish,6561
Peru,English,407
Peru,French,125
Peru,Portuguese,97
Peru,Quechua,81
Peru,German,69
Peru,Italian,61
Peru,Japanese,15
Peru,Latin,12
Peru,Peruvian Spanish,11
Philippines,Q34057,678
Philippines,English,554
Philippines,Filipino,128
Philippines,Spanish,97
Philippines,Cebuano,60
Philippines,Japanese,29
Philippines,Kapampangan,22
Philippines,Hiligaynon,19
Philippines,Ilocano,18
Philippines,Italian,17
Poland,Polish,44931
Poland,German,9240
Poland,English,2534
Poland,French,1078
Poland,Hebrew,676
Poland,Russian,589
Poland,Yiddish,222
Poland,Italian,221
Poland,Spanish,205
Poland,Ukrainian,155
Portugal,Portuguese,8858
Portugal,English,273
Portugal,French,138
Portugal,Spanish,105
Portugal,German,47
Portugal,Italian,17
Portugal,Mirandese,13
Portugal,European Portuguese,10
Portugal,Brazilian Portuguese,7
Portugal,Catalan,7
Puerto Rico,Puerto Rican Spanish,2
Puerto Rico,English,1
Puerto Rico,Spanish,1
Q785,English,27
Q785,French,15
Q785,German,2
Q785,Spanish,2
Q785,Italian,1
Q785,Jèrriais,1
Qatar,Arabic,370
Qatar,English,19
Qatar,Egyptian Arabic,3
Qatar,French,2
Qatar,Spanish,2
Qatar,German,1
Qatar,Gulf Arabic,1
Qatar,Persian,1
Qatar,Polish,1
Qatar,Q34057,1
Republic of the Congo,French,203
Republic of the Congo,English,14
Republic of the Congo,Lingala,10
Republic of the Congo,Kongo,5
Republic of the Congo,German,4
Republic of the Congo,Italian,4
Republic of the Congo,Spanish,4
Republic of the Congo,Latin,2
Republic of the Congo,Portuguese,2
Republic of the Congo,Romanian,2
Romania,Romanian,14638
Romania,Hungarian,1879
Romania,German,1184
Romania,English,1025
Romania,French,759
Romania,Hebrew,285
Romania,Italian,181
Romania,Spanish,127
Romania,Russian,125
Romania,Yiddish,40
Russia,Russian,55285
Russia,English,2179
Russia,German,1550
Russia,Estonian,1119
Russia,French,641
Russia,Ukrainian,581
Russia,Finnish,497
Russia,Polish,441
Russia,Tatar,430
Russia,Bashkir,341
Rwanda,French,56
Rwanda,English,47
Rwanda,Kinyarwanda,32
Rwanda,Swahili,7
Rwanda,German,3
Rwanda,American English,1
Rwanda,British English,1
Rwanda,Dutch,1
Rwanda,Italian,1
Rwanda,Kirundi,1
"Saint Helena, Ascension and Tristan da Cunha",English,1
Saint Kitts and Nevis,English,32
Saint Lucia,English,21
Saint Lucia,Spanish,3
Saint Lucia,Antillean Creole,1
Saint Lucia,French,1
Saint Lucia,German,1
Saint Vincent and the Grenadines,English,23
Saint Vincent and the Grenadines,Spanish,2
Samoa,English,65
Samoa,German,7
Samoa,Samoan,4
Samoa,French,3
Samoa,Japanese,1
Samoa,Swedish,1
Samoa,Tokelauan,1
Samoa,Tuvaluan,1
San Marino,Italian,78
San Marino,French,2
San Marino,English,1
San Marino,Spanish,1
Saudi Arabia,Arabic,2305
Saudi Arabia,English,199
Saudi Arabia,French,24
Saudi Arabia,German,16
Saudi Arabia,Egyptian Arabic,11
Saudi Arabia,Turkish,10
Saudi Arabia,Malay,7
Saudi Arabia,Urdu,6
Saudi Arabia,American English,3
Saudi Arabia,Arabic script,3
Senegal,French,1634
Senegal,Wolof,84
Senegal,English,55
Senegal,Spanish,26
Senegal,Arabic,18
Senegal,Italian,10
Senegal,German,9
Senegal,Fula,6
Senegal,Portuguese,4
Senegal,Serer,4
Serbia,Serbian,6606
Serbia,English,466
Serbia,German,340
Serbia,Croatian,284
Serbia,Hungarian,257
Serbia,Albanian,176
Serbia,French,159
Serbia,Slovene,144
Serbia,Russian,80
Serbia,Serbo-Croatian,78
Seychelles,English,14
Seychelles,French,14
Seychelles,Seychellois Creole,10
Seychelles,German,1
Sierra Leone,English,306
Sierra Leone,French,10
Sierra Leone,German,6
Sierra Leone,Nigerian Pidgin,4
Sierra Leone,Arabic,3
Sierra Leone,Fula,2
Sierra Leone,Mende,2
Sierra Leone,Vai,2
Sierra Leone,American English,1
Sierra Leone,Chinese,1
Singapore,English,230
Singapore,Malay,75
Singapore,Chinese,31
Singapore,Indonesian,26
Singapore,Japanese,11
Singapore,German,9
Singapore,Mandarin,9
Singapore,French,6
Singapore,Standard Chinese,6
Singapore,Cantonese,5
Sint Maarten,French,4
Sint Maarten,Dutch,2
Sint Maarten,English,2
Sint Maarten,Italian,1
Slovakia,Slovak,7324
Slovakia,Czech,1154
Slovakia,English,590
Slovakia,Hungarian,583
Slovakia,German,376
Slovakia,Russian,158
Slovakia,French,147
Slovakia,Italian,57
Slovakia,Polish,51
Slovakia,Hebrew,44
Slovenia,Slovene,9431
Slovenia,English,919
Slovenia,German,447
Slovenia,Italian,390
Slovenia,Croatian,260
Slovenia,French,141
Slovenia,Serbian,87
Slovenia,Serbo-Croatian,74
Slovenia,Hungarian,46
Slovenia,Russian,44
Solomon Islands,English,6
Somalia,Somali,90
Somalia,English,61
Somalia,Arabic,50
Somalia,Italian,21
Somalia,Finnish,8
Somalia,Norwegian,8
Somalia,Swedish,7
Somalia,French,5
Somalia,German,5
Somalia,Dutch,3
South Africa,English,8238
South Africa,Afrikaans,345
South Africa,German,97
South Africa,Zulu,76
South Africa,Xhosa,48
South Africa,Hebrew,47
South Africa,French,37
South Africa,Sesotho,29
South Africa,Tswana,29
South Africa,Tsonga,27
South Korea,Korean,14579
South Korea,English,437
South Korea,Japanese,188
South Korea,French,49
South Korea,German,45
South Korea,Chinese,41
South Korea,Spanish,17
South Korea,Swedish,13
South Korea,Danish,7
South Korea,Norwegian,7
South Sudan,English,38
South Sudan,Arabic,16
South Sudan,Acholi people,1
South Sudan,Bari,1
South Sudan,Dinka,1
South Sudan,Dutch,1
South Sudan,Egyptian Arabic,1
South Sudan,Kakwa,1
South Sudan,Kakwa People,1
South Sudan,Kakwa people,1
Spain,Spanish,66006
Spain,Catalan,18992
Spain,Basque,4686
Spain,Galician,4262
Spain,English,2870
Spain,French,1314
Spain,Italian,509
Spain,German,454
Spain,Asturian,230
Spain,Portuguese,202
Sri Lanka,English,161
Sri Lanka,Tamil,141
Sri Lanka,Sinhala,59
Sri Lanka,German,14
Sri Lanka,Italian,9
Sri Lanka,Norwegian,6
Sri Lanka,French,5
Sri Lanka,Hindi,5
Sri Lanka,Swedish,5
Sri Lanka,Japanese,3
Sudan,Arabic,203
Sudan,English,129
Sudan,French,12
Sudan,Sudanese Arabic,9
Sudan,Egyptian Arabic,8
Sudan,German,7
Sudan,Modern Greek,5
Sudan,Turkish,4
Sudan,Dinka,3
Sudan,Hebrew,3
Suriname,Dutch,174
Suriname,Sranan Tongo,34
Suriname,English,25
Suriname,German,6
Suriname,French,5
Suriname,Sarnámi Hindustáni,2
Suriname,Spanish,2
Suriname,American English,1
Suriname,Bhojpuri,1
Suriname,Flemish Dutch,1
Sweden,Swedish,11966
Sweden,English,1055
Sweden,German,246
Sweden,Finnish,141
Sweden,French,127
Sweden,Norwegian,83
Sweden,Danish,64
Sweden,Spanish,64
Sweden,Estonian,51
Sweden,Italian,36
Switzerland,German,5601
Switzerland,French,3011
Switzerland,English,973
Switzerland,Italian,728
Switzerland,Swiss German,471
Switzerland,Spanish,159
Switzerland,Swiss High German,126
Switzerland,Portuguese,75
Switzerland,Romansh,62
Switzerland,Standard High German,48
Syria,Arabic,1971
Syria,English,375
Syria,French,230
Syria,German,86
Syria,Armenian,60
Syria,Hebrew,41
Syria,Turkish,40
Syria,Kurdish,36
Syria,Spanish,36
Syria,Russian,35
São Tomé and Príncipe,Portuguese,34
São Tomé and Príncipe,São Tomean Portuguese,2
São Tomé and Príncipe,English,1
São Tomé and Príncipe,Spanish,1
Taiwan,Standard Taiwanese Mandarin,1023
Taiwan,Chinese,348
Taiwan,English,302
Taiwan,Taiwanese Hokkien,260
Taiwan,Japanese,161
Taiwan,Standard Chinese,61
Taiwan,Mandarin with Taiwan Hokkien accent,47
Taiwan,Mandarin,42
Taiwan,Southern Min,16
Taiwan,Korean,15
Tajikistan,Russian,198
Tajikistan,Tajik,86
Tajikistan,German,20
Tajikistan,English,17
Tajikistan,Persian,10
Tajikistan,Estonian,5
Tajikistan,French,5
Tajikistan,Ukrainian,4
Tajikistan,Arabic,3
Tajikistan,Hebrew,3
Tanzania,English,465
Tanzania,Swahili,411
Tanzania,German,27
Tanzania,French,5
Tanzania,Latin,4
Tanzania,Norwegian,4
Tanzania,Arabic,3
Tanzania,Italian,3
Tanzania,Kiswahili,3
Tanzania,Portuguese,3
Thailand,Thai,663
Thailand,English,243
Thailand,German,38
Thailand,Northern Thai,23
Thailand,French,18
Thailand,Japanese,18
Thailand,Chinese,13
Thailand,Southern Thai,12
Thailand,Isan,11
Thailand,Hakka Chinese,9
The Bahamas,English,35
The Bahamas,German,2
The Bahamas,Bahamian Creole,1
The Bahamas,Danish,1
The Bahamas,French,1
The Bahamas,Haitian Creole,1
The Gambia,English,47
The Gambia,French,10
The Gambia,German,8
The Gambia,Wolof,6
The Gambia,Norwegian,4
The Gambia,Mandinka,3
The Gambia,Swedish,2
The Gambia,Arabic,1
The Gambia,Bambara,1
The Gambia,Catalan,1
Timor-Leste,Indonesian,23
Timor-Leste,Portuguese,13
Timor-Leste,Tetum,5
Timor-Leste,English,4
Timor-Leste,French,1
Timor-Leste,German,1
Timor-Leste,Spanish,1
Togo,French,361
Togo,English,37
Togo,Ewe,26
Togo,German,18
Togo,Gen,16
Togo,Kabiye,7
Togo,Czech,2
Togo,Fon,2
Togo,Ifè,2
Togo,Japanese,2
Tonga,English,63
Tonga,Tongan,9
Tonga,French,1
Tonga,German,1
Tonga,Japanese,1
Tonga,New Zealand English,1
Tonga,Romanian,1
Tonga,Spanish,1
Trinidad and Tobago,English,193
Trinidad and Tobago,Spanish,8
Trinidad and Tobago,French,7
Trinidad and Tobago,German,5
Trinidad and Tobago,Japanese,2
Trinidad and Tobago,American English,1
Trinidad and Tobago,Brazilian Portuguese,1
Trinidad and Tobago,Canadian French,1
Trinidad and Tobago,Hebrew,1
Trinidad and Tobago,Old French,1
Tunisia,French,942
Tunisia,Arabic,441
Tunisia,English,132
Tunisia,Italian,73
Tunisia,Hebrew,30
Tunisia,German,22
Tunisia,Spanish,10
Tunisia,Tunisian Arabic,9
Tunisia,Russian,6
Tunisia,Berber,4
Turkey,Turkish,20442
Turkey,English,952
Turkey,German,637
Turkey,French,414
Turkey,Arabic,352
Turkey,Modern Greek,332
Turkey,Armenian,257
Turkey,Ottoman Turkish,238
Turkey,Persian,213
Turkey,Ancient Greek,120
Turkmenistan,Russian,168
Turkmenistan,Turkmen,29
Turkmenistan,Arabic,8
Turkmenistan,Azerbaijani,6
Turkmenistan,English,6
Turkmenistan,Persian,6
Turkmenistan,Estonian,4
Turkmenistan,French,4
Turkmenistan,German,4
Turkmenistan,Turkish,4
Tuvalu,Tuvaluan,3
Tuvalu,English,1
Uganda,English,1884
Uganda,Luganda,114
Uganda,Swahili,27
Uganda,Soga,20
Uganda,Arabic,15
Uganda,Runyankole,11
Uganda,Kiga,10
Uganda,German,9
Uganda,Lango,8
Uganda,Spanish,8
Ukraine,Ukrainian,8699
Ukraine,Russian,7864
Ukraine,Polish,2846
Ukraine,English,1491
Ukraine,German,702
Ukraine,Hebrew,491
Ukraine,French,359
Ukraine,Czech,214
Ukraine,Romanian,201
Ukraine,Yiddish,165
United Arab Emirates,Arabic,149
United Arab Emirates,English,81
United Arab Emirates,Malayalam,11
United Arab Emirates,French,6
United Arab Emirates,Danish,3
United Arab Emirates,Hindi,3
United Arab Emirates,Spanish,3
United Arab Emirates,Bulgarian,2
United Arab Emirates,German,2
United Arab Emirates,Q34057,2
United Kingdom,English,92134
United Kingdom,Welsh,702
United Kingdom,French,699
United Kingdom,German,496
United Kingdom,British English,469
United Kingdom,Spanish,284
United Kingdom,Italian,228
United Kingdom,Yue Chinese,128
United Kingdom,Standard Chinese,122
United Kingdom,Chinese,115
United States,English,174367
United States,American English,4118
United States,Spanish,3420
United States,French,1922
United States,German,1568
United States,Japanese,1037
United States,Italian,840
United States,Hebrew,646
United States,Arabic,464
United States,Russian,416
United States Virgin Islands,English,9
Uruguay,Spanish,9148
Uruguay,English,98
Uruguay,Italian,66
Uruguay,French,43
Uruguay,Portuguese,42
Uruguay,Latin American Spanish,34
Uruguay,Hebrew,22
Uruguay,German,21
Uruguay,Uruguayan Spanish,13
Uruguay,Catalan,11
Uzbekistan,Russian,757
Uzbekistan,Uzbek,295
Uzbekistan,English,110
Uzbekistan,Karakalpak,70
Uzbekistan,German,32
Uzbekistan,Ukrainian,31
Uzbekistan,Hebrew,27
Uzbekistan,Tajik,26
Uzbekistan,Turkish,16
Uzbekistan,Arabic,15
Vanuatu,English,8
Vanuatu,French,6
Vanuatu,Bislama,2
Vanuatu,South Vanuatu,1
Vanuatu,Yoruba,1
Vatican City,French,1
Vatican City,Italian,1
Venezuela,Spanish,1307
Venezuela,English,245
Venezuela,Italian,65
Venezuela,French,41
Venezuela,Venezuelan Spanish,34
Venezuela,German,28
Venezuela,Catalan,22
Venezuela,Portuguese,22
Venezuela,Galician,15
Venezuela,Basque,11
Vietnam,Vietnamese,1925
Vietnam,French,299
Vietnam,English,269
Vietnam,Russian,49
Vietnam,German,32
Vietnam,Chinese,17
Vietnam,Spanish,8
Vietnam,Italian,6
Vietnam,Japanese,6
Vietnam,Polish,6
Western Sahara,Spanish,12
Western Sahara,Arabic,11
Western Sahara,Berber,2
Western Sahara,English,2
Western Sahara,French,2
Western Sahara,Hassaniya Arabic,2
Yemen,Arabic,226
Yemen,English,43
Yemen,Hebrew,42
Yemen,German,6
Yemen,Russian,5
Yemen,French,3
Yemen,Italian,2
Yemen,British English,1
Yemen,Classical Arabic,1
Yemen,Czech,1
Zambia,English,531
Zambia,Bemba,12
Zambia,Chewa,5
Zambia,French,5
Zambia,Nyanja language,5
Zambia,German,3
Zambia,Tonga,3
Zambia,British English,2
Zambia,Lozi,2
Zambia,Polish,2
Zimbabwe,English,310
Zimbabwe,Shona,23
Zimbabwe,German,10
Zimbabwe,Northern Ndebele,6
Zimbabwe,French,5
Zimbabwe,Afrikaans,3
Zimbabwe,Italian,3
Zimbabwe,Portuguese,3
Zimbabwe,Zulu,3
Zimbabwe,British English,2
