Country,Gender,Count
Afghanistan,Male,1199
Afghanistan,Female,335
Afghanistan,Unknown,266
Albania,Male,2675
Albania,Female,573
Albania,Unknown,61
Algeria,Male,5658
Algeria,Female,1011
Algeria,Unknown,112
Algeria,Non-binary or other,1
American Samoa,Male,7
American Samoa,Female,4
Andorra,Male,222
Andorra,Female,72
Andorra,Unknown,5
Angola,Male,980
Angola,Female,307
Angola,Unknown,3
Angola,Non-binary or other,1
Anguilla,Male,9
Anguilla,Female,5
Antigua and Barbuda,Male,195
Antigua and Barbuda,Female,42
Antigua and Barbuda,Unknown,4
Argentina,Male,23369
Argentina,Female,5887
Argentina,Unknown,55
Argentina,Non-binary or other,23
Armenia,Male,6646
Armenia,Female,1327
Armenia,Unknown,140
Aruba,Male,152
Aruba,Female,67
Aruba,Unknown,10
Australia,Male,25614
Australia,Female,8528
Australia,Unknown,42
Australia,Non-binary or other,42
Austria,Male,29504
Austria,Female,10154
Austria,Unknown,135
Austria,Non-binary or other,9
Azerbaijan,Male,10350
Azerbaijan,Female,1761
Azerbaijan,Unknown,1735
Bahrain,Male,346
Bahrain,Female,96
Bahrain,Unknown,1
Bangladesh,Male,3180
Bangladesh,Female,606
Bangladesh,Unknown,55
Barbados,Male,509
Barbados,Female,93
Barbados,Unknown,3
Belarus,Male,13971
Belarus,Female,3397
Belarus,Unknown,231
Belgium,Male,19655
Belgium,Female,5172
Belgium,Unknown,133
Belgium,Non-binary or other,6
Belize,Male,213
Belize,Female,80
Benin,Male,571
Benin,Female,172
Benin,Unknown,3
Bermuda,Male,120
Bermuda,Female,29
Bermuda,Unknown,1
Bhutan,Male,117
Bhutan,Female,51
Bhutan,Unknown,1
Bolivia,Male,1563
Bolivia,Female,533
Bolivia,Unknown,64
Bolivia,Non-binary or other,4
Bosnia and Herzegovina,Male,4980
Bosnia and Herzegovina,Female,937
Bosnia and Herzegovina,Unknown,494
Bosnia and Herzegovina,Non-binary or other,3
Botswana,Male,355
Botswana,Female,239
Botswana,Unknown,5
Brazil,Male,51465
Brazil,Female,15942
Brazil,Unknown,444
Brazil,Non-binary or other,89
British Indian Ocean Territory,Male,2
British Indian Ocean Territory,Female,1
British Virgin Islands,Female,2
British Virgin Islands,Male,1
Brunei,Male,187
Brunei,Female,35
Bulgaria,Male,13831
Bulgaria,Female,3681
Bulgaria,Unknown,3
Bulgaria,Non-binary or other,1
Burkina Faso,Male,601
Burkina Faso,Female,129
Burkina Faso,Unknown,2
Burundi,Male,288
Burundi,Female,71
Burundi,Unknown,6
Burundi,Non-binary or other,2
Cambodia,Male,494
Cambodia,Female,159
Cambodia,Unknown,12
Cameroon,Male,2307
Cameroon,Female,693
Cameroon,Unknown,19
Canada,Male,40208
Canada,Female,14027
Canada,Unknown,226
Canada,Non-binary or other,87
Cape Verde,Male,335
Cape Verde,Female,86
Cape Verde,Unknown,6
Cape Verde,Non-binary or other,1
Cayman Islands,Male,39
Cayman Islands,Female,13
Central African Republic,Male,220
Central African Republic,Female,38
Central African Republic,Unknown,4
Chad,Male,272
Chad,Female,61
Chad,Unknown,18
Chile,Male,8037
Chile,Female,2420
Chile,Unknown,19
Chile,Non-binary or other,10
Colombia,Male,7787
Colombia,Female,2158
Colombia,Unknown,39
Colombia,Non-binary or other,10
Comoros,Male,94
Comoros,Female,55
Comoros,Unknown,1
Cook Islands,Male,123
Cook Islands,Female,37
Cook Islands,Unknown,1
Costa Rica,Male,1495
Costa Rica,Female,352
Costa Rica,Unknown,6
Costa Rica,Non-binary or other,1
Croatia,Male,8225
Croatia,Female,2090
Croatia,Unknown,269
Cuba,Male,4031
Cuba,Female,1316
Cuba,Unknown,21
Cuba,Non-binary or other,5
Curaçao,Male,237
Curaçao,Female,54
Curaçao,Unknown,5
Curaçao,Non-binary or other,1
Cyprus,Male,1765
Cyprus,Female,375
Cyprus,Unknown,23
Czech Republic,Male,86527
Czech Republic,Female,28971
Czech Republic,Unknown,1060
Czech Republic,Non-binary or other,3
Democratic Republic of the Congo,Male,1947
Democratic Republic of the Congo,Female,484
Democratic Republic of the Congo,Unknown,6
Democratic Republic of the Congo,Non-binary or other,2
Denmark,Male,11525
Denmark,Female,4363
Denmark,Unknown,28
Denmark,Non-binary or other,3
Djibouti,Male,82
Djibouti,Female,21
Djibouti,Unknown,2
Dominica,Male,148
Dominica,Female,29
Dominican Republic,Male,2351
Dominican Republic,Female,574
Dominican Republic,Unknown,20
Dominican Republic,Non-binary or other,5
Ecuador,Male,2490
Ecuador,Female,793
Ecuador,Unknown,8
Ecuador,Non-binary or other,1
Egypt,Male,5853
Egypt,Female,1713
Egypt,Unknown,37
Egypt,Non-binary or other,4
El Salvador,Male,897
El Salvador,Female,217
El Salvador,Unknown,9
Equatorial Guinea,Male,243
Equatorial Guinea,Female,63
Eritrea,Male,232
Eritrea,Female,50
Eritrea,Unknown,2
Estonia,Male,15014
Estonia,Female,6486
Estonia,Unknown,9
Estonia,Non-binary or other,2
Eswatini,Male,93
Eswatini,Female,41
Eswatini,Unknown,4
Ethiopia,Male,820
Ethiopia,Female,396
Ethiopia,Unknown,10
Falkland Islands,Male,21
Falkland Islands,Female,10
Faroe Islands,Male,531
Faroe Islands,Female,109
Faroe Islands,Unknown,5
Federated States of Micronesia,Male,47
Federated States of Micronesia,Female,14
Federated States of Micronesia,Unknown,1
Fiji,Male,770
Fiji,Female,99
Fiji,Unknown,2
Fiji,Non-binary or other,1
Finland,Male,14217
Finland,Female,4978
Finland,Unknown,17
Finland,Non-binary or other,11
France,Male,97426
France,Female,25273
France,Unknown,3440
France,Non-binary or other,26
Gabon,Male,369
Gabon,Female,95
Gabon,Unknown,1
Georgia,Male,7103
Georgia,Female,1356
Georgia,Unknown,720
Georgia,Non-binary or other,3
Germany,Male,172195
Germany,Female,51314
Germany,Unknown,1014
Germany,Non-binary or other,57
Ghana,Male,3390
Ghana,Female,670
Ghana,Unknown,14
Greece,Male,14249
Greece,Female,4004
Greece,Unknown,141
Greece,Non-binary or other,2
Greenland,Male,259
Greenland,Female,101
Greenland,Unknown,2
Grenada,Male,186
Grenada,Female,52
Grenada,Unknown,1
Guatemala,Male,928
Guatemala,Female,302
Guatemala,Unknown,9
Guatemala,Non-binary or other,1
Guernsey,Male,64
Guernsey,Female,16
Guinea,Male,776
Guinea,Female,183
Guinea,Unknown,56
Guinea-Bissau,Male,305
Guinea-Bissau,Female,41
Guinea-Bissau,Unknown,2
Guyana,Male,516
Guyana,Female,121
Guyana,Unknown,4
Guyana,Non-binary or other,1
Haiti,Male,1139
Haiti,Female,349
Haiti,Unknown,31
Haiti,Non-binary or other,1
Honduras,Male,1014
Honduras,Female,143
Honduras,Unknown,8
Hong Kong,Female,1
Hong Kong,Male,1
Hungary,Male,28013
Hungary,Female,8344
Hungary,Unknown,35
Hungary,Non-binary or other,1
Iceland,Male,1419
Iceland,Female,563
Iceland,Unknown,7
Iceland,Non-binary or other,2
India,Male,29733
India,Female,8587
India,Unknown,1222
India,Non-binary or other,22
Indonesia,Male,18638
Indonesia,Female,8923
Indonesia,Unknown,2406
Indonesia,Non-binary or other,2
Iran,Male,14546
Iran,Female,2663
Iran,Unknown,645
Iran,Non-binary or other,2
Iraq,Male,4393
Iraq,Female,548
Iraq,Unknown,101
Ireland,Male,9524
Ireland,Female,2181
Ireland,Unknown,70
Ireland,Non-binary or other,5
Isle of Man,Male,123
Isle of Man,Female,54
Isle of Man,Unknown,1
Israel,Male,14080
Israel,Female,5098
Israel,Unknown,48
Israel,Non-binary or other,6
Italy,Male,90321
Italy,Female,21089
Italy,Unknown,220
Italy,Non-binary or other,13
Ivory Coast,Male,1626
Ivory Coast,Female,387
Ivory Coast,Unknown,97
Jamaica,Male,2004
Jamaica,Female,647
Jamaica,Unknown,22
Jamaica,Non-binary or other,5
Japan,Male,88267
Japan,Female,37777
Japan,Unknown,4519
Japan,Non-binary or other,25
Jordan,Male,923
Jordan,Female,233
Jordan,Unknown,9
Kazakhstan,Male,7499
Kazakhstan,Female,1686
Kazakhstan,Unknown,453
Kenya,Male,1550
Kenya,Female,836
Kenya,Unknown,16
Kenya,Non-binary or other,5
Kingdom of the Netherlands,Male,777
Kingdom of the Netherlands,Female,353
Kingdom of the Netherlands,Unknown,20
Kingdom of the Netherlands,Non-binary or other,1
Kiribati,Male,58
Kiribati,Female,10
Kosovo,Male,1305
Kosovo,Female,303
Kosovo,Unknown,109
Kuwait,Male,751
Kuwait,Female,157
Kuwait,Unknown,1
Kyrgyzstan,Male,1448
Kyrgyzstan,Female,349
Kyrgyzstan,Unknown,57
Laos,Male,277
Laos,Female,68
Laos,Unknown,3
Latvia,Male,4917
Latvia,Female,1588
Latvia,Unknown,23
Latvia,Non-binary or other,1
Lebanon,Male,2539
Lebanon,Female,891
Lebanon,Unknown,32
Lebanon,Non-binary or other,1
Lesotho,Male,140
Lesotho,Female,45
Lesotho,Unknown,2
Liberia,Male,419
Liberia,Female,69
Liberia,Unknown,2
Libya,Male,686
Libya,Female,93
Libya,Unknown,2
Liechtenstein,Male,284
Liechtenstein,Female,54
Liechtenstein,Unknown,3
Lithuania,Male,8174
Lithuania,Female,2233
Lithuania,Unknown,260
Luxembourg,Male,2162
Luxembourg,Female,572
Luxembourg,Unknown,5
Luxembourg,Non-binary or other,1
Madagascar,Male,454
Madagascar,Female,141
Madagascar,Unknown,16
Malawi,Male,211
Malawi,Female,122
Malawi,Unknown,1
Malaysia,Male,4112
Malaysia,Female,1364
Malaysia,Unknown,425
Malaysia,Non-binary or other,1
Maldives,Male,201
Maldives,Female,62
Maldives,Unknown,6
Maldives,Non-binary or other,1
Mali,Male,821
Mali,Female,247
Mali,Unknown,1
Malta,Male,824
Malta,Female,184
Malta,Non-binary or other,3
Malta,Unknown,1
Marshall Islands,Male,25
Marshall Islands,Female,9
Mauritania,Male,235
Mauritania,Female,45
Mauritania,Unknown,12
Mauritius,Male,318
Mauritius,Female,129
Mauritius,Unknown,6
Mauritius,Non-binary or other,2
Mexico,Male,15304
Mexico,Female,6097
Mexico,Unknown,98
Mexico,Non-binary or other,25
Moldova,Male,2677
Moldova,Female,683
Moldova,Unknown,11
Monaco,Male,250
Monaco,Female,69
Monaco,Unknown,1
Mongolia,Male,650
Mongolia,Unknown,207
Mongolia,Female,186
Montenegro,Male,1790
Montenegro,Female,291
Montenegro,Unknown,134
Montenegro,Non-binary or other,1
Montserrat,Male,16
Montserrat,Female,4
Morocco,Male,4812
Morocco,Female,1135
Morocco,Unknown,56
Mozambique,Male,565
Mozambique,Female,203
Mozambique,Unknown,3
Myanmar,Male,1151
Myanmar,Female,439
Myanmar,Unknown,123
Namibia,Male,623
Namibia,Female,187
Namibia,Unknown,3
Namibia,Non-binary or other,2
Nauru,Male,58
Nauru,Female,15
Nauru,Unknown,1
Nepal,Male,1037
Nepal,Female,356
Nepal,Unknown,60
Nepal,Non-binary or other,1
New Zealand,Male,9870
New Zealand,Female,3236
New Zealand,Unknown,73
New Zealand,Non-binary or other,18
Nicaragua,Male,499
Nicaragua,Female,169
Nicaragua,Unknown,13
Niger,Male,410
Niger,Female,75
Niger,Unknown,40
Niger,Non-binary or other,1
Nigeria,Male,7459
Nigeria,Female,2431
Nigeria,Unknown,49
Nigeria,Non-binary or other,11
Niue,Male,18
Niue,Female,5
North Korea,Male,802
North Korea,Female,264
North Korea,Unknown,39
North Macedonia,Male,3976
North Macedonia,Female,951
North Macedonia,Unknown,358
Northern Cyprus,Male,233
Northern Cyprus,Female,39
Northern Cyprus,Unknown,3
Norway,Male,15655
Norway,Female,5676
Norway,Unknown,8
Norway,Non-binary or other,4
Oman,Male,250
Oman,Female,50
Pakistan,Male,5683
Pakistan,Female,1253
Pakistan,Unknown,126
Palau,Male,34
Palau,Female,13
Palau,Unknown,1
Palestine,Male,4183
Palestine,Female,1069
Palestine,Unknown,26
Panama,Male,1071
Panama,Female,343
Panama,Unknown,5
Papua New Guinea,Male,377
Papua New Guinea,Female,85
Papua New Guinea,Unknown,1
Paraguay,Male,1887
Paraguay,Female,254
Paraguay,Unknown,7
Paraguay,Non-binary or other,1
People's Republic of China,Male,19614
People's Republic of China,Female,7737
People's Republic of China,Unknown,1000
People's Republic of China,Non-binary or other,13
Peru,Male,5950
Peru,Female,1912
Peru,Unknown,11
Peru,Non-binary or other,6
Philippines,Male,4221
Philippines,Female,1742
Philippines,Unknown,90
Philippines,Non-binary or other,11
Pitcairn Islands,Female,1
Poland,Male,62682
Poland,Female,15886
Poland,Unknown,999
Poland,Non-binary or other,8
Portugal,Male,9797
Portugal,Female,2446
Portugal,Unknown,33
Portugal,Non-binary or other,6
Puerto Rico,Male,10
Puerto Rico,Female,7
Q785,Male,55
Q785,Female,13
Qatar,Male,620
Qatar,Female,65
Qatar,Unknown,2
Republic of the Congo,Male,590
Republic of the Congo,Female,110
Republic of the Congo,Unknown,4
Romania,Male,17692
Romania,Female,5156
Romania,Unknown,88
Romania,Non-binary or other,2
Russia,Male,94771
Russia,Female,22724
Russia,Unknown,1256
Russia,Non-binary or other,18
Rwanda,Male,344
Rwanda,Female,186
Rwanda,Unknown,22
Rwanda,Non-binary or other,1
"Saint Helena, Ascension and Tristan da Cunha",Female,2
Saint Kitts and Nevis,Male,200
Saint Kitts and Nevis,Female,25
Saint Lucia,Male,145
Saint Lucia,Female,43
Saint Lucia,Unknown,5
Saint Vincent and the Grenadines,Male,143
Saint Vincent and the Grenadines,Female,25
Saint Vincent and the Grenadines,Unknown,1
Saint-Martin,Female,1
Samoa,Male,375
Samoa,Female,45
Samoa,Non-binary or other,3
San Marino,Male,310
San Marino,Female,41
Saudi Arabia,Male,3043
Saudi Arabia,Female,353
Saudi Arabia,Unknown,13
Saudi Arabia,Non-binary or other,1
Senegal,Male,1939
Senegal,Female,450
Senegal,Unknown,97
Senegal,Non-binary or other,3
Serbia,Male,11290
Serbia,Female,3052
Serbia,Unknown,1475
Serbia,Non-binary or other,1
Seychelles,Male,87
Seychelles,Female,38
Seychelles,Unknown,8
Sierra Leone,Male,421
Sierra Leone,Female,96
Sierra Leone,Unknown,2
Singapore,Male,1410
Singapore,Female,591
Singapore,Unknown,37
Singapore,Non-binary or other,2
Sint Maarten,Male,19
Sint Maarten,Female,5
Slovakia,Male,14014
Slovakia,Female,3644
Slovakia,Unknown,256
Slovakia,Non-binary or other,4
Slovenia,Male,9943
Slovenia,Female,3335
Slovenia,Unknown,33
Solomon Islands,Male,142
Solomon Islands,Female,29
Somalia,Male,501
Somalia,Female,146
Somalia,Unknown,6
Somaliland,Male,5
Somaliland,Female,1
South Africa,Male,9682
South Africa,Female,2732
South Africa,Unknown,51
South Africa,Non-binary or other,13
South Korea,Male,11580
South Korea,Female,5196
South Korea,Unknown,998
South Korea,Non-binary or other,5
South Sudan,Male,170
South Sudan,Female,50
Spain,Male,70225
Spain,Female,24439
Spain,Unknown,534
Spain,Non-binary or other,75
Sri Lanka,Male,2291
Sri Lanka,Female,473
Sri Lanka,Unknown,101
Sri Lanka,Non-binary or other,1
Sudan,Male,565
Sudan,Female,169
Sudan,Unknown,4
Sudan,Non-binary or other,2
Suriname,Male,927
Suriname,Female,221
Suriname,Unknown,21
Sweden,Male,26332
Sweden,Female,10423
Sweden,Unknown,29
Sweden,Non-binary or other,11
Switzerland,Male,21246
Switzerland,Female,6508
Switzerland,Unknown,489
Switzerland,Non-binary or other,9
Syria,Male,2862
Syria,Female,565
Syria,Unknown,38
São Tomé and Príncipe,Male,95
São Tomé and Príncipe,Female,26
Taiwan,Male,6320
Taiwan,Female,2526
Taiwan,Unknown,259
Taiwan,Non-binary or other,2
Tajikistan,Male,1361
Tajikistan,Unknown,509
Tajikistan,Female,395
Tanzania,Male,638
Tanzania,Female,226
Tanzania,Unknown,8
Thailand,Male,3338
Thailand,Female,1317
Thailand,Unknown,262
Thailand,Non-binary or other,4
The Bahamas,Male,337
The Bahamas,Female,103
The Bahamas,Unknown,3
The Gambia,Male,493
The Gambia,Female,106
Timor-Leste,Male,381
Timor-Leste,Female,117
Timor-Leste,Unknown,11
Togo,Male,480
Togo,Female,126
Togo,Unknown,5
Tonga,Male,398
Tonga,Female,41
Tonga,Unknown,1
Trinidad and Tobago,Male,1077
Trinidad and Tobago,Female,318
Trinidad and Tobago,Unknown,11
Trinidad and Tobago,Non-binary or other,1
Tunisia,Male,3225
Tunisia,Female,681
Tunisia,Unknown,5
Tunisia,Non-binary or other,1
Turkey,Male,21102
Turkey,Female,4930
Turkey,Unknown,461
Turkmenistan,Male,741
Turkmenistan,Female,112
Turkmenistan,Unknown,18
Turks and Caicos Islands,Female,1
Tuvalu,Male,70
Tuvalu,Female,5
Uganda,Male,1703
Uganda,Female,908
Uganda,Unknown,8
Uganda,Non-binary or other,1
Ukraine,Male,54837
Ukraine,Female,12633
Ukraine,Unknown,303
Ukraine,Non-binary or other,1
United Arab Emirates,Male,1070
United Arab Emirates,Female,227
United Arab Emirates,Unknown,3
United Kingdom,Male,97682
United Kingdom,Female,24331
United Kingdom,Unknown,269
United Kingdom,Non-binary or other,101
United States,Male,251178
United States,Female,77426
United States,Unknown,2154
United States,Non-binary or other,548
United States Virgin Islands,Male,31
United States Virgin Islands,Female,8
Uruguay,Male,8097
Uruguay,Female,2337
Uruguay,Unknown,20
Uruguay,Non-binary or other,4
Uzbekistan,Male,3398
Uzbekistan,Female,868
Uzbekistan,Unknown,455
Vanuatu,Male,159
Vanuatu,Female,21
Vatican City,Male,2
Vatican City,Female,1
Venezuela,Male,4660
Venezuela,Female,1665
Venezuela,Unknown,186
Venezuela,Non-binary or other,2
Vietnam,Male,3648
Vietnam,Female,1290
Vietnam,Unknown,929
Vietnam,Non-binary or other,1
Western Sahara,Male,26
Western Sahara,Female,7
Western Sahara,Unknown,1
Yemen,Male,633
Yemen,Female,93
Yemen,Unknown,3
Yemen,Non-binary or other,1
Zambia,Male,684
Zambia,Female,189
Zambia,Unknown,6
Zambia,Non-binary or other,1
Zimbabwe,Male,1367
Zimbabwe,Female,360
Zimbabwe,Unknown,8
